Time_x,Pressure[Bar],DP[Bar],Temperature[C],Velocity[m/s],Quality,WaterCut[%],Xl,WWC[%],ch1[nA],ch2[nA],ch3[nA],ch4[nA],ch5[nA],TotWLR[%],XLM,Frg_dp_out,GasDen[kg/m3],GasVisc[cP],Kappa,LiqDen[kg/m3],LiqVisc[cP],TotWLR[%].1,Qg[m3/d],Ql[m3/d],Qo[m3/d],Qw[m3/d],QgStd[m3/d],QlStd[m3/d],QoStd[m3/d],QwStd[m3/d],filename,Time_hs,DateTime,choke,Annular A,Annular B,WHP,WHT,DnChkP,DnChokT,SepMode,GasFlowRate,GasVol,OilFlowRate,OilVol,WaterFlowRate,WaterVol,well,sp,dp,gasT,plate,GOR,OilTemp,WCFlow,Time_y
2021-07-04 23:00:00,328.390566493793,0.0449307909310344,55.90759247402295,6.968216324586208,0.6696314433678162,0.0,0.0,40.09858397735633,0.0,0.0,0.0,0.0,0.0,57.16855483529405,8045977.225760942,inf,407.11144781248254,3.450723728272301e-05,2.380467562994276,361.9417182524449,-3.2713718192596536e-05,57.16855483529405,1437.38102444171,104.27606135146476,49.201281634745165,55.07477971671993,134595.97247198236,88.15200279661846,33.98301218128111,54.168990615337954,D:\OneDrive\OneDrive - WFT\Compartido\Well_Datasets\By_Equipment\fsf\trial_badan_shell_2021\raw\compressed\log1.csv,2021-07-04 23:00:00,2021-07-04 23:00:00,12,2984.56,,4151.96,15.73,609.99,,TEST,72496.51,34719222.7669445,113.72,35215.246986064114,0.0,14886.097288370653,BAN-1001,596.95,53.8,11.96,1.5,637.5000879352796,10.78,0.0,2021-07-04 23:00:00
2021-07-05 00:00:00,317.3768281166889,0.0396258236706434,55.685422209506726,6.88336122811984,0.6837694323549026,0.0,0.0,35.907808401613224,0.0,0.0,0.0,0.0,0.0,57.11556489340999,7687783.746129241,inf,392.1974446551809,3.358888349537537e-05,2.341295975582266,363.2913697950505,-8.373643376541117e-06,57.11556489340999,1448.6746828994892,85.78189539890035,44.30921148553296,41.47268391336807,134812.69178005515,71.43889336281055,30.63067345502409,40.808219907787056,D:\OneDrive\OneDrive - WFT\Compartido\Well_Datasets\By_Equipment\fsf\trial_badan_shell_2021\raw\compressed\log1.csv,2021-07-05 00:00:00,2021-07-05 00:00:00,12,2926.27,,4147.23,14.72,608.31,,TEST,72553.85,34722245.84402783,111.88,35219.90865273078,0.0,14886.097288370653,BAN-1001,595.0,54.09,11.95,1.5,648.4970504111549,10.62,0.0,2021-07-05 00:00:00
2021-07-05 01:00:00,317.6871261525738,0.0397413924548811,55.68967963835215,6.888101935031592,0.6838493013394653,0.0,0.0,36.01798070370696,0.0,0.0,0.0,0.0,0.0,57.182908655360905,7697473.529400072,inf,392.6183362558086,3.3614730479726065e-05,2.3424027210479514,363.2246543739172,-9.050864463952991e-06,57.182908655360905,1449.2600885636102,86.08894970988811,44.321036558480685,41.76791315140815,134876.34873734124,71.73582893283353,30.637488620989817,41.09834031184431,D:\OneDrive\OneDrive - WFT\Compartido\Well_Datasets\By_Equipment\fsf\trial_badan_shell_2021\raw\compressed\log1.csv,2021-07-05 01:00:00,2021-07-05 01:00:00,12,3010.33,,4138.06,14.74,607.32,,TEST,72601.23,34725270.895277835,110.64,35224.51865273078,0.0,14886.097288370653,BAN-1001,591.7,53.99,10.4,1.5,656.1933297180043,8.8,0.0,2021-07-05 01:00:00
2021-07-05 02:00:00,317.43290507541315,0.0396237795617023,55.68143333256707,6.882086181936567,0.6835407440354307,0.0,0.0,35.904940137358174,0.0,0.0,0.0,0.0,0.0,57.178972899234736,7689724.827926145,inf,392.2754946110969,3.359350336076769e-05,2.341505963886988,363.1899367017646,-8.460325928761814e-06,57.178972899234736,1448.2840714240344,85.84248223641639,44.36147429504289,41.48100794137415,134786.85056554095,71.48313054002853,30.66659448167276,40.816536058356334,D:\OneDrive\OneDrive - WFT\Compartido\Well_Datasets\By_Equipment\fsf\trial_badan_shell_2021\raw\compressed\log1.csv,2021-07-05 02:00:00,2021-07-05 02:00:00,12,3208.19,,4135.95,15.07,605.3,,TEST,72747.24,34728302.03027783,105.2,35228.90198606411,0.01,14886.09770503732,BAN-1001,589.99,54.3,10.06,1.5,691.5136882129278,8.42,0.0095047999239616,2021-07-05 02:00:00
2021-07-05 03:00:00,317.6455522582441,0.0396317023994459,55.678746479163074,6.8846350591886285,0.6837974245730276,0.0,0.0,35.89884290771116,0.0,0.0,0.0,0.0,0.0,57.177174693405554,7696827.442233493,inf,392.5698367708448,3.361147121815146e-05,2.342289332869784,362.8167638169574,-8.9079322851594e-06,57.177174693405554,1449.0683395616436,85.72046397017976,44.2782262681416,41.44223770203887,134845.3556813745,71.38747248998014,30.6091948629514,40.77827762702933,D:\OneDrive\OneDrive - WFT\Compartido\Well_Datasets\By_Equipment\fsf\trial_badan_shell_2021\raw\compressed\log1.csv,2021-07-05 03:00:00,2021-07-05 03:00:00,12,3266.38,,4132.29,14.93,604.75,,TEST,75161.68,34731433.7669445,109.48,35233.46365273078,0.0,14886.09770503732,BAN-1001,589.21,57.92,9.55,1.5,686.5334307636097,7.82,0.0,2021-07-05 03:00:00
2021-07-05 04:00:00,317.43497034038626,0.0397230458405942,55.69339249784261,6.8859575439398455,0.6837706566978972,0.0,0.0,36.019441078070265,0.0,0.0,0.0,0.0,0.0,57.17628638021918,7689079.338300322,inf,392.2701873612933,3.3593527427001584e-05,2.34147680571511,363.64251802710527,-8.530677821940304e-06,57.17628638021918,1448.7012067401934,86.12888909641659,44.3520211617164,41.77686793470089,134829.21238755443,71.7662244053554,30.659025474594703,41.10719893076129,D:\OneDrive\OneDrive - WFT\Compartido\Well_Datasets\By_Equipment\fsf\trial_badan_shell_2021\raw\compressed\log1.csv,2021-07-05 04:00:00,2021-07-05 04:00:00,12,3247.25,,4129.31,15.13,603.71,,TEST,81675.21,34734836.9006945,108.55,35237.98656939745,0.0,14886.09770503732,BAN-1001,587.76,68.5,9.47,1.5,752.4201750345463,7.62,0.0,2021-07-05 04:00:00
2021-07-05 05:00:00,317.3947541536446,0.0396270191895248,55.68545363551358,6.88249016110134,0.6836280001616628,0.0,0.0,35.89928834586123,0.0,0.0,0.0,0.0,0.0,57.17569710453858,7688433.955942937,inf,392.2216778024192,3.359035830952749e-05,2.341359532436636,363.2290454421001,-8.411205975264176e-06,57.17569710453858,1448.3348484535643,85.86926877278765,44.38727073110238,41.48199804168593,134791.23725185002,71.50214035147415,30.68466397273943,40.817476378735286,D:\OneDrive\OneDrive - WFT\Compartido\Well_Datasets\By_Equipment\fsf\trial_badan_shell_2021\raw\compressed\log1.csv,2021-07-05 05:00:00,2021-07-05 05:00:00,12,3223.58,,4124.23,13.95,602.36,,TEST,82832.45,34738288.25277783,102.89,35242.273652730786,7.83,14886.42395503732,BAN-1001,587.22,70.61,9.67,1.5,805.0583147050247,7.63,7.071893063583815,2021-07-05 05:00:00
2021-07-05 06:00:00,317.65709279781186,0.0396807264305018,55.68242107292588,6.886807443581695,0.6838650598577346,0.0,0.0,35.9545245466754,0.0,0.0,0.0,0.0,0.0,57.17500566236419,7696827.442473369,inf,392.5820706358074,3.361229895972429e-05,2.3423160608966307,363.021081024344,-8.946366189444423e-06,57.17500566236419,1449.3754160333192,85.83748751549045,44.26012331041423,41.57736420507693,134876.86480177188,71.50694107810715,30.595850319901388,40.91109075820639,D:\OneDrive\OneDrive - WFT\Compartido\Well_Datasets\By_Equipment\fsf\trial_badan_shell_2021\raw\compressed\log1.csv,2021-07-05 06:00:00,2021-07-05 06:00:00,12,3185.59,,4120.6,13.45,602.96,,TEST,92854.62,34742157.19527783,111.13,35246.90406939745,0.0,14886.42395503732,BAN-1001,585.72,90.69,8.53,1.5,835.5495365787816,6.54,0.0,2021-07-05 06:00:00
2021-07-05 07:00:00,317.4812885964678,0.0396925759448361,55.688835128981445,6.885743751391049,0.6837578607593657,0.0,0.0,35.970667216291424,0.0,0.0,0.0,0.0,0.0,57.17490233842239,7691016.133722785,inf,392.3373832390814,3.35975231006721e-05,2.341660843602819,363.3715771693453,-8.60863780509553e-06,57.17490233842239,1448.8843592717983,85.98642935217832,44.34351018520612,41.64291916697286,134840.7505992414,71.62923838707688,30.653707977458524,40.97553040961893,D:\OneDrive\OneDrive - WFT\Compartido\Well_Datasets\By_Equipment\fsf\trial_badan_shell_2021\raw\compressed\log1.csv,2021-07-05 07:00:00,2021-07-05 07:00:00,12,3151.69,,4116.64,13.5,601.78,,TEST,101403.38,34746382.336111166,100.57,35251.09448606412,10.0,14886.840621703985,BAN-1001,585.19,108.04,8.27,1.5,1008.286566570548,6.26,9.044044496698923,2021-07-05 07:00:00
2021-07-05 08:00:00,317.4322434161259,0.0396111114320012,55.68160626761323,6.881094116909286,0.6835724400559142,0.0,0.0,35.89783702551046,0.0,0.0,0.0,0.0,0.0,57.17455326865314,7689724.82791757,inf,392.2750493072349,3.359349721930936e-05,2.3415053022805616,363.1621551886561,-8.464261878699828e-06,57.17455326865314,1448.072441099744,85.8330403541965,44.36044866321898,41.47259169097816,134765.88613632572,71.47431735039909,30.66610052603901,40.80821682436065,D:\OneDrive\OneDrive - WFT\Compartido\Well_Datasets\By_Equipment\fsf\trial_badan_shell_2021\raw\compressed\log1.csv,2021-07-05 08:00:00,2021-07-05 08:00:00,12,3167.67,,4114.75,13.92,601.23,,TEST,88830.51,34750083.60736117,107.37,35255.568236064115,0.0,14886.840621703985,BAN-1001,584.56,80.71,7.98,1.5,827.3308186644314,6.07,0.0,2021-07-05 08:00:00
2021-07-05 09:00:00,317.6854726835668,0.0397420374157641,55.68931847769067,6.889569676020425,0.68390212842517,0.0,0.0,35.99359443318147,0.0,0.0,0.0,0.0,0.0,57.17413978881687,7697473.529103114,inf,392.61712932127085,3.361466752251779e-05,2.3424010541652227,363.12943587116615,-9.050395635544164e-06,57.17413978881687,1449.7708809344667,85.98179298992379,44.28373975184894,41.69805323807559,134915.19398307512,71.641515085106,30.61194517586848,41.02956990923813,D:\OneDrive\OneDrive - WFT\Compartido\Well_Datasets\By_Equipment\fsf\trial_badan_shell_2021\raw\compressed\log1.csv,2021-07-05 09:00:00,2021-07-05 09:00:00,12,3146.69,,4113.26,15.45,602.08,,TEST,87559.09,34753731.90277784,109.34,35260.12406939745,0.0,14886.840621703985,BAN-1001,584.64,78.73,8.63,1.5,800.7965063105908,6.81,0.0,2021-07-05 09:00:00
2021-07-05 10:00:00,317.41544881606734,0.0396351448450431,55.68363217718785,6.882821500824257,0.68366906883254,0.0,0.0,35.93128911965255,0.0,0.0,0.0,0.0,0.0,57.17396990656444,7689079.337859093,inf,392.24985794226353,3.359199263645945e-05,2.3414347833501528,363.32351663825045,-8.434737122888133e-06,57.17396990656444,1448.3704281534444,85.89332830785642,44.3587658380545,41.5345624698026,134795.8802467856,71.53369326306073,30.66447186066957,40.86922140239172,D:\OneDrive\OneDrive - WFT\Compartido\Well_Datasets\By_Equipment\fsf\trial_badan_shell_2021\raw\compressed\log1.csv,2021-07-05 10:00:00,2021-07-05 10:00:00,12,3217.65,,4110.94,17.52,603.12,,TEST,87001.79,34757356.97736117,102.83,35264.40865273078,7.36,14887.147288370652,BAN-1001,586.31,78.58,10.81,1.5,846.0740056403773,9.2,6.679371993828842,2021-07-05 10:00:00
2021-07-05 11:00:00,317.4508032276174,0.0396096879733858,55.68237227409278,6.881678792684439,0.683644450065322,0.0,0.0,35.89911164346659,0.0,0.0,0.0,0.0,0.0,57.173661593395416,7690370.426357138,inf,392.3005803389601,3.359509876504994e-05,2.341572456462516,363.1360920882896,-8.512490919015799e-06,57.173661593395416,1448.2951607046264,85.77780536644329,44.31964092621861,41.45816444022534,134779.98766369122,71.43190345771151,30.637925565982,40.7939778917301,D:\OneDrive\OneDrive - WFT\Compartido\Well_Datasets\By_Equipment\fsf\trial_badan_shell_2021\raw\compressed\log1.csv,2021-07-05 11:00:00,2021-07-05 11:00:00,12,3421.5,,4112.36,18.42,606.97,,TEST,86766.87,34760972.263611175,102.96,35268.69865273078,6.55,14887.42020503732,BAN-1001,588.18,78.27,11.66,1.5,842.7240675990676,9.5,5.981188932517579,2021-07-05 11:00:00
2021-07-05 12:00:00,317.7062428276588,0.0397440445661516,55.69010711201217,6.888415787729798,0.6838747239779258,0.0,0.0,36.01851192430079,0.0,0.0,0.0,0.0,0.0,57.173528412328814,7698119.724257976,inf,392.6444100373821,3.3616343189500653e-05,2.342471294452831,363.1954367088714,-9.095826320932896e-06,57.173528412328814,1449.338374895365,86.08510732167437,44.31700292005587,41.76810440161924,134882.70845619077,71.73319913418733,30.63468595841676,41.09851317577119,D:\OneDrive\OneDrive - WFT\Compartido\Well_Datasets\By_Equipment\fsf\trial_badan_shell_2021\raw\compressed\log1.csv,2021-07-05 12:00:00,2021-07-05 12:00:00,12,3694.85,,4112.49,19.83,608.03,,TEST,86179.08,34764563.05861118,103.7,35273.01948606411,6.1,14887.674371703986,BAN-1001,593.06,77.4,13.6,1.5,831.042237222758,11.11,5.555555555555555,2021-07-05 12:00:00
2021-07-05 13:00:00,317.4138209493345,0.0396224005492318,55.680979494071934,6.881966821444757,0.6835329229273105,0.0,0.0,35.90463704000929,0.0,0.0,0.0,0.0,0.0,57.17370655083832,7689079.337741869,inf,392.24947144536975,3.359189266757933e-05,2.3414375479785843,363.2200091781711,-8.415205293123169e-06,57.17370655083832,1448.2551617944143,85.8434986351996,44.36337891958557,41.48011971561469,134784.71663567735,71.48359403701193,30.66791775628116,40.81567628073133,D:\OneDrive\OneDrive - WFT\Compartido\Well_Datasets\By_Equipment\fsf\trial_badan_shell_2021\raw\compressed\log1.csv,2021-07-05 13:00:00,2021-07-05 13:00:00,12,4145.44,,4118.01,23.35,613.43,,TEST,86322.56,34768159.83194451,107.33,35277.49156939745,8.15,14888.01395503732,BAN-1001,600.8,78.44,17.75,1.5,804.2724308208329,14.61,7.057499134049186,2021-07-05 13:00:00
2021-07-05 14:00:00,317.432003482077,0.0396328640740428,55.68303125465824,6.884950811017238,0.6838299029555114,0.0,0.0,35.9000037034235,0.0,0.0,0.0,0.0,0.0,57.17375541947223,7689724.827609155,inf,392.2745209008672,3.359352721073535e-05,2.341502838649759,363.1701539052104,-8.477454199845644e-06,57.17375541947223,1449.1345782630997,85.72424482387578,44.28195977663108,41.4422850472454,134851.20563846093,71.39016922343728,30.611850704256906,40.77831851918096,D:\OneDrive\OneDrive - WFT\Compartido\Well_Datasets\By_Equipment\fsf\trial_badan_shell_2021\raw\compressed\log1.csv,2021-07-05 14:00:00,2021-07-05 14:00:00,12,4068.63,,4114.66,21.7,616.1,,TEST,86648.66,34771770.19277784,102.27,35281.75281939745,0.0,14888.01395503732,BAN-1001,606.23,78.86,19.16,1.5,847.2539356605066,17.07,0.0,2021-07-05 14:00:00
2021-07-05 15:00:00,317.6674272701999,0.0397203906614905,55.68840427361751,6.885381840294476,0.6837117175151962,0.0,0.0,36.01860444774643,0.0,0.0,0.0,0.0,0.0,57.173791358041086,7696827.443123423,inf,392.5918063414766,3.361305866321766e-05,2.34233374180719,363.2595333740869,-8.996999187576133e-06,57.173791358041086,1448.574299725511,86.1256146516607,44.34744425084022,41.77817040082122,134817.9925704631,71.76427078628959,30.65578399069869,41.1084867955915,D:\OneDrive\OneDrive - WFT\Compartido\Well_Datasets\By_Equipment\fsf\trial_badan_shell_2021\raw\compressed\log1.csv,2021-07-05 15:00:00,2021-07-05 15:00:00,12,4075.39,,4112.12,22.8,616.86,,TEST,82184.57,34775194.54986118,104.21,35286.09490273079,9.63,14888.41520503732,BAN-1001,606.77,70.92,18.72,1.5,788.6437961807889,18.61,8.45924104005622,2021-07-05 15:00:00
2021-07-05 16:00:00,317.4139552195007,0.0396279922732308,55.68513141217986,6.882556841745436,0.6836202299529968,0.0,0.0,35.900657933243565,0.0,0.0,0.0,0.0,0.0,57.173806778454,7689079.337766705,inf,392.2481159824914,3.35919645496567e-05,2.3414297846854986,363.2032027147978,-8.449898286003388e-06,57.173806778454,1448.35619657631,85.86537716835262,44.38241328315288,41.48296388520038,134793.01469434806,71.49967572234128,30.681252882185674,40.818422840156174,D:\OneDrive\OneDrive - WFT\Compartido\Well_Datasets\By_Equipment\fsf\trial_badan_shell_2021\raw\compressed\log1.csv,2021-07-05 16:00:00,2021-07-05 16:00:00,12,4040.15,,4110.25,22.54,503.17,,TEST,72241.57,34778204.61527784,102.7,35290.374069397454,10.42,14888.849371703986,BAN-1001,568.55,59.82,19.65,1.5,703.4232716650439,22.54,9.211456859971712,2021-07-05 16:00:00
2021-07-05 17:00:00,317.6748300280132,0.0396486204251656,55.67974301878527,6.88508511796922,0.6838429571912239,0.0,0.0,35.9373119701671,0.0,0.0,0.0,0.0,0.0,57.173563399243655,7697473.528830349,inf,392.6080191026776,3.361380471017724e-05,2.342387657265108,362.9239217264918,-8.968721041288006e-06,57.173563399243655,1449.054228212726,85.79341665451216,44.266096353207054,41.5273203013058,134848.05332902537,71.46211997168702,30.60011165892801,40.86200831275962,D:\OneDrive\OneDrive - WFT\Compartido\Well_Datasets\By_Equipment\fsf\trial_badan_shell_2021\raw\compressed\log1.csv,2021-07-05 17:00:00,2021-07-05 17:00:00,14,3993.18,,4058.01,25.39,556.92,,TEST,84897.13,34781741.99569451,120.43,35295.39198606412,11.19,14889.315621703983,BAN-1001,535.34,88.54,19.29,1.5,704.9500124553682,22,8.501747454794103,2021-07-05 17:00:00
2021-07-05 18:00:00,317.4253639592497,0.0397222979336857,55.692381396064725,6.887333377036296,0.6837935045150716,0.0,0.0,35.985824837999736,0.0,0.0,0.0,0.0,0.0,57.17336149327589,7689079.338014606,inf,392.2586796511868,3.3592818144985075e-05,2.341448722667859,363.5228569719051,-8.510564795653617e-06,57.17336149327589,1449.1697423719672,86.03394662964804,44.34354000409557,41.69040662555319,134866.4502750881,71.67576234553027,30.65366023725065,41.02210210828022,D:\OneDrive\OneDrive - WFT\Compartido\Well_Datasets\By_Equipment\fsf\trial_badan_shell_2021\raw\compressed\log1.csv,2021-07-05 18:00:00,2021-07-05 18:00:00,14,3976.7,,4083.3,25.45,603.77,,TEST,92110.58,34785579.93652784,127.78,35300.71615273078,13.86,14889.893121703984,BAN-1001,583.39,94.46,21.44,1.5,720.852872123963,23.53,9.785371364021463,2021-07-05 18:00:00
2021-07-05 19:00:00,317.3942323626844,0.0396115602612891,55.68224065228965,6.881312782146081,0.6835898956468903,0.0,0.0,35.896902550270326,0.0,0.0,0.0,0.0,0.0,57.17317851468263,7688433.955876027,inf,392.22255129157134,3.359030313338043e-05,2.3413656207914944,363.2205566007654,-8.386666281983617e-06,57.17317851468263,1448.133259552808,85.82659879108184,44.358512876069966,41.4680859150125,134771.08132717013,71.46855919914493,30.66477257829391,40.80378662085159,D:\OneDrive\OneDrive - WFT\Compartido\Well_Datasets\By_Equipment\fsf\trial_badan_shell_2021\raw\compressed\log1.csv,2021-07-05 19:00:00,2021-07-05 19:00:00,14,3725.33,,4066.59,22.06,558.27,,TEST,93155.57,34789461.41861118,128.55,35306.07240273078,9.83,14890.302705037318,BAN-1001,566.47,99.2,20.41,1.5,724.6640995721509,19.94,7.103627691862985,2021-07-05 19:00:00
2021-07-05 20:00:00,317.5286051563328,0.039746262650235,55.69199775845306,6.8901711959379695,0.683928426033595,0.0,0.0,35.99075384374546,0.0,0.0,0.0,0.0,0.0,57.17315164440715,7692307.872946151,inf,392.40043271287766,3.3601484934420906e-05,2.3418245358042813,363.37451422305327,-8.731100564114283e-06,57.17315164440715,1449.9161536501415,85.97762538010598,44.28602801048264,41.691597369624056,134928.12143918785,71.636798205543,30.61358215916138,41.023216046382245,D:\OneDrive\OneDrive - WFT\Compartido\Well_Datasets\By_Equipment\fsf\trial_badan_shell_2021\raw\compressed\log1.csv,2021-07-05 20:00:00,2021-07-05 20:00:00,12,3554.71,,4149.53,19.53,592.79,,TEST,83225.21,34792929.13569451,112.61,35310.76448606412,11.06,14890.763538370653,BAN-1001,569.08,79.94,17.33,1.5,739.0570109226535,15.72,8.943155171019649,2021-07-05 20:00:00
2021-07-05 21:00:00,317.6863144874354,0.0396384183392376,55.68021417106522,6.882721247271102,0.6836621758786978,0.0,0.0,35.93819715539883,0.0,0.0,0.0,0.0,0.0,57.17307889590332,7698119.723963534,inf,392.6235865669914,3.3614773067165425e-05,2.342427929185808,362.9079640697549,-8.996123087490709e-06,57.17307889590332,1448.3356234930031,85.89983139423106,44.34920497756064,41.55062641667109,134791.5330726622,71.542800281841,30.65780516611699,40.88499511572456,D:\OneDrive\OneDrive - WFT\Compartido\Well_Datasets\By_Equipment\fsf\trial_badan_shell_2021\raw\compressed\log1.csv,2021-07-05 21:00:00,2021-07-05 21:00:00,12,3514.11,,4085.76,18.07,608.96,,TEST,73366.25,34795986.06277785,107.42,35315.240319397446,0.0,14890.763538370653,BAN-1001,584.35,57.59,15.02,1.5,682.9850121020294,13.56,0.0,2021-07-05 21:00:00
2021-07-05 22:00:00,317.4320717965364,0.0396047274008561,55.681479955052815,6.880904962247009,0.6835866324853133,0.0,0.0,35.897509908753406,0.0,0.0,0.0,0.0,0.0,57.17281588668511,7689724.827844381,inf,392.2750686353253,3.3593499394105484e-05,2.341505720151956,363.1608169784142,-8.464041437527237e-06,57.17281588668511,1448.0848622762314,85.79824457770314,44.33619584503716,41.46204873266664,134763.8804391608,71.4471677453103,30.64934060804176,40.79782713726912,D:\OneDrive\OneDrive - WFT\Compartido\Well_Datasets\By_Equipment\fsf\trial_badan_shell_2021\raw\compressed\log1.csv,2021-07-05 22:00:00,2021-07-05 22:00:00,12,3509.18,,4079.6,18.74,618.64,,TEST,71373.97,34798959.97819451,101.89,35319.48573606411,5.71,14891.001455037318,BAN-1001,601.29,52.37,14,1.5,700.500245362646,12.19,5.306691449814126,2021-07-05 22:00:00
2021-07-05 23:00:00,371.9372299043749,0.07004762290625,58.449940244687504,8.09276583878125,0.7238435771250001,0.0,0.0,63.60406995062501,0.0,0.0,0.0,0.0,0.0,57.17339918253965,9375000.321173808,inf,465.28769744908,3.814804415435938e-05,2.5314024102803923,384.1390914961978,-0.0001418183802375,57.17339918253965,1595.4783964756602,164.86390472884617,46.82311123370427,118.04079349514296,149326.01377844025,148.14959679039734,32.14421848977021,116.00537830062792,D:\OneDrive\OneDrive - WFT\Compartido\Well_Datasets\By_Equipment\fsf\trial_badan_shell_2021\raw\compressed\log2.csv,2021-07-05 23:00:00,2021-07-05 23:00:00,12,3499.59,,4075.41,17.92,615.57,,TEST,71274.58,34801929.75236118,103.01,35323.777819397445,4.82,14891.202288370652,BAN-1001,603.23,51.94,13.73,1.5,691.9190369867003,11.94,4.4699990726143,2021-07-05 23:00:00
2021-07-06 00:00:00,317.37783467062354,0.039640148384473,55.68290870454957,6.883678206996084,0.6836535742975172,0.0,0.0,35.9147786613805,0.0,0.0,0.0,0.0,0.0,56.59376809183529,7687783.74628217,inf,392.199006311297,3.3588864477060084e-05,2.3413017042340125,363.31900363225145,-8.349843357937318e-06,56.59376809183529,1448.6378092879763,85.84954825414091,44.35126118089922,41.49828707324236,134817.82149185575,71.49298401437814,30.659477469451204,40.833506544927495,D:\OneDrive\OneDrive - WFT\Compartido\Well_Datasets\By_Equipment\fsf\trial_badan_shell_2021\raw\compressed\log2.csv,2021-07-06 00:00:00,2021-07-06 00:00:00,12,3491.2,,4072.57,17.79,612.96,,TEST,71303.18,34804900.718194515,101.99,35328.027402730775,3.65,14891.354371703985,BAN-1001,599.8,52.04,12.85,1.5,699.1193254240611,10.93,3.4551306323362363,2021-07-06 00:00:00
2021-07-06 01:00:00,317.431826365419,0.0396083215598554,55.68253910299941,6.881576204434299,0.6836402831469989,0.0,0.0,35.89843080940317,0.0,0.0,0.0,0.0,0.0,57.1163262823164,7689724.827783237,inf,392.2744157640866,3.359350100493436e-05,2.3415029864633423,363.1644588301585,-8.472518638546538e-06,57.1163262823164,1448.271817683897,85.77773554394074,44.32106980120755,41.45666574273384,134778.1329834469,71.43142161324253,30.6389129653582,40.79250864788493,D:\OneDrive\OneDrive - WFT\Compartido\Well_Datasets\By_Equipment\fsf\trial_badan_shell_2021\raw\compressed\log2.csv,2021-07-06 01:00:00,2021-07-06 01:00:00,12,3485.02,,4068.98,16.38,607.93,,TEST,71165.52,34807865.94819451,103.7,35332.34823606411,6.56,14891.627705037316,BAN-1001,597.28,51.91,12.27,1.5,686.2634522661524,10.37,5.9495737348086335,2021-07-06 01:00:00
2021-07-06 02:00:00,317.7062428276588,0.0397440445661516,55.69010711201217,6.888415787729798,0.6838747239779258,0.0,0.0,36.01851192430079,0.0,0.0,0.0,0.0,0.0,57.141277732444,7698119.724257976,inf,392.6444100373821,3.3616343189500653e-05,2.342471294452831,363.1954367088714,-9.095826320932896e-06,57.141277732444,1449.338374895365,86.08510732167437,44.31700292005587,41.76810440161924,134882.70845619077,71.73319913418733,30.63468595841676,41.09851317577119,D:\OneDrive\OneDrive - WFT\Compartido\Well_Datasets\By_Equipment\fsf\trial_badan_shell_2021\raw\compressed\log2.csv,2021-07-06 02:00:00,2021-07-06 02:00:00,12,3482.38,,4066.24,17.48,609.6,,TEST,71441.24,34810842.666527845,98.14,35336.43740273077,6.22,14891.886871703984,BAN-1001,594.51,52.33,11.42,1.5,727.9523130222132,9.35,5.960137983901878,2021-07-06 02:00:00
2021-07-06 03:00:00,317.4138209493345,0.0396224005492318,55.680979494071934,6.881966821444757,0.6835329229273105,0.0,0.0,35.90463704000929,0.0,0.0,0.0,0.0,0.0,57.150925220409526,7689079.337741869,inf,392.24947144536975,3.359189266757933e-05,2.3414375479785843,363.2200091781711,-8.415205293123169e-06,57.150925220409526,1448.2551617944143,85.8434986351996,44.36337891958557,41.48011971561469,134784.71663567735,71.48359403701193,30.66791775628116,40.81567628073133,D:\OneDrive\OneDrive - WFT\Compartido\Well_Datasets\By_Equipment\fsf\trial_badan_shell_2021\raw\compressed\log2.csv,2021-07-06 03:00:00,2021-07-06 03:00:00,12,3476.51,,4064.91,17.01,610.04,,TEST,71030.41,34813802.26694451,105.14,35340.81823606411,7.74,14892.209371703984,BAN-1001,595.14,51.88,11.8,1.5,675.579322807685,9.73,6.856839121190646,2021-07-06 03:00:00
2021-07-06 04:00:00,317.432003482077,0.0396328640740428,55.68303125465824,6.884950811017238,0.6838299029555114,0.0,0.0,35.9000037034235,0.0,0.0,0.0,0.0,0.0,57.15586990486704,7689724.827609155,inf,392.2745209008672,3.359352721073535e-05,2.341502838649759,363.1701539052104,-8.477454199845644e-06,57.15586990486704,1449.1345782630997,85.72424482387578,44.28195977663108,41.4422850472454,134851.20563846093,71.39016922343728,30.611850704256906,40.77831851918096,D:\OneDrive\OneDrive - WFT\Compartido\Well_Datasets\By_Equipment\fsf\trial_badan_shell_2021\raw\compressed\log2.csv,2021-07-06 04:00:00,2021-07-06 04:00:00,12,3470.64,,4063.02,16.48,606.91,,TEST,71349.6,34816775.16694451,100.67,35345.01281939744,7.4,14892.517705037317,BAN-1001,590.84,52.44,10.84,1.5,708.7473924704481,8.5,6.84741371333395,2021-07-06 04:00:00
2021-07-06 05:00:00,317.6864008756259,0.0397207330663979,55.68784363524292,6.88532337216397,0.6837033540130151,0.0,0.0,36.01914308395963,0.0,0.0,0.0,0.0,0.0,57.15901965083341,7697473.529529484,inf,392.6181265516564,3.361465168323489e-05,2.342404055998099,363.2306770181125,-9.033968710478693e-06,57.15901965083341,1448.5557742402127,86.1287352320756,44.34827422162561,41.78046101045072,134816.52230542622,71.76709421980664,30.65635390273071,41.11074031707653,D:\OneDrive\OneDrive - WFT\Compartido\Well_Datasets\By_Equipment\fsf\trial_badan_shell_2021\raw\compressed\log2.csv,2021-07-06 05:00:00,2021-07-06 05:00:00,12,3470.44,,4058.53,17.38,604.16,,TEST,71246.45,34819743.769027844,101.25,35349.23156939744,8.07,14892.853955037315,BAN-1001,587.71,52.68,11.16,1.5,703.6686419753086,8.89,7.381997804610318,2021-07-06 05:00:00
2021-07-06 06:00:00,317.4331189062561,0.0396284236532906,55.68478008030631,6.882575556048135,0.6836107889822071,0.0,0.0,35.90172348169414,0.0,0.0,0.0,0.0,0.0,57.160759931087256,7689724.827948567,inf,392.27453061702255,3.3593568739335434e-05,2.341500023462036,363.17620649717566,-8.488375006600843e-06,57.160759931087256,1448.3677279434105,85.86078454415122,44.37732285266278,41.48346169148907,134793.8474525793,71.49659759665906,30.67768848688405,40.81890910977558,D:\OneDrive\OneDrive - WFT\Compartido\Well_Datasets\By_Equipment\fsf\trial_badan_shell_2021\raw\compressed\log2.csv,2021-07-06 06:00:00,2021-07-06 06:00:00,12,3462.0,,4057.21,16.78,607.6,,TEST,71037.58,34822703.66819451,101.28,35353.45156939744,7.31,14893.15853837065,BAN-1001,589.4,52.49,12.08,1.5,701.397906793049,10.37,6.731743254443319,2021-07-06 06:00:00
2021-07-06 07:00:00,317.4606705379952,0.0396435156902861,55.6834002720266,6.88531165638144,0.6838913995541138,0.0,0.0,35.92981535395942,0.0,0.0,0.0,0.0,0.0,57.16217755992636,7690370.426345751,inf,392.3123183925737,3.359581970157847e-05,2.341600907080618,363.2439250508269,-8.533613979694344e-06,57.16217755992636,1449.1318192820493,85.77834431511246,44.27259548173871,41.50574883337445,134854.72699621844,71.44553504256983,30.604729865425902,40.84080517714454,D:\OneDrive\OneDrive - WFT\Compartido\Well_Datasets\By_Equipment\fsf\trial_badan_shell_2021\raw\compressed\log2.csv,2021-07-06 07:00:00,2021-07-06 07:00:00,12,3458.5,,4055.74,16.89,602.72,,TEST,71238.84,34825671.95319451,99.95,35357.61615273077,7.23,14893.45978837065,BAN-1001,585.37,52.75,10.7,1.5,712.7447723861931,8.45,6.745661504011942,2021-07-06 07:00:00
2021-07-06 08:00:00,317.6962889571232,0.0397204747717426,55.68741968357951,6.886197738602532,0.6837083860462599,0.0,0.0,35.99341126147673,0.0,0.0,0.0,0.0,0.0,57.16308136399841,7698119.724174197,inf,392.6330360801262,3.361557885341542e-05,2.342445248863157,363.11038091985967,-9.059317576259084e-06,57.16308136399841,1448.8705584714728,86.0567460142554,44.33961605727978,41.71712995697632,134840.0305095889,71.69921377129806,30.650845393698965,41.04836837759969,D:\OneDrive\OneDrive - WFT\Compartido\Well_Datasets\By_Equipment\fsf\trial_badan_shell_2021\raw\compressed\log2.csv,2021-07-06 08:00:00,2021-07-06 08:00:00,12,3427.68,,4055.98,14.92,604.24,,TEST,71040.24,34828631.963194504,108.11,35362.120736064106,0.0,14893.45978837065,BAN-1001,586.32,52.2,10.21,1.5,657.1107205623902,7.97,0.0,2021-07-06 08:00:00
2021-07-06 09:00:00,317.4517368542441,0.0396235754773737,55.68323142919897,6.882050699021106,0.6835925612717698,0.0,0.0,35.900007105364004,0.0,0.0,0.0,0.0,0.0,57.16385370883175,7690370.426529303,inf,392.30102168794593,3.3595143421336425e-05,2.3415721419229403,363.13880292397874,-8.518297505668915e-06,57.16385370883175,1448.252806799033,85.85745404216219,44.37532575525312,41.48212828690968,134783.0204949019,71.4939801297626,30.67638266620221,40.81759746356096,D:\OneDrive\OneDrive - WFT\Compartido\Well_Datasets\By_Equipment\fsf\trial_badan_shell_2021\raw\compressed\log2.csv,2021-07-06 09:00:00,2021-07-06 09:00:00,12,3413.93,,4051.72,15.47,602.6,,TEST,71227.87,34831599.79111117,100.59,35366.31198606411,6.62,14893.735621703983,BAN-1001,587.23,52.04,9.21,1.5,708.1009046624912,7.03,6.174797127133663,2021-07-06 09:00:00
2021-07-06 10:00:00,317.4697970351684,0.0397023934804801,55.68832446524044,6.888164814040157,0.6839224049328393,0.0,0.0,35.96763282838643,0.0,0.0,0.0,0.0,0.0,57.1645748994486,7690370.42649682,inf,392.321731973791,3.359654550684316e-05,2.3416202177500707,363.3791732280327,-8.580709109288308e-06,57.1645748994486,1449.6082610882763,85.88553400938292,44.27091524427424,41.61461876510938,134898.96631647763,71.55091628469586,30.60325719306091,40.94765909163556,D:\OneDrive\OneDrive - WFT\Compartido\Well_Datasets\By_Equipment\fsf\trial_badan_shell_2021\raw\compressed\log2.csv,2021-07-06 10:00:00,2021-07-06 10:00:00,12,3493.21,,4052.01,18.56,606.31,,TEST,71209.59,34834566.85736117,99.28,35370.448652730774,9.37,14894.12603837065,BAN-1001,587.73,51.96,9.21,1.5,717.2601732473811,7.16,8.624022089277496,2021-07-06 10:00:00
2021-07-06 11:00:00,317.4618109237076,0.0396808300280411,55.68822242769112,6.885424381487901,0.6837667673145871,0.0,0.0,35.96217250727737,0.0,0.0,0.0,0.0,0.0,57.16500474545807,7690370.42669379,inf,392.3110341257571,3.359589068955016e-05,2.341591645560383,363.3698145871524,-8.563606035625926e-06,57.16500474545807,1448.855567785434,85.95997050103172,44.34462767969925,41.61534282133314,134838.05191392062,71.603009619807,30.6545272869356,40.94848233287199,D:\OneDrive\OneDrive - WFT\Compartido\Well_Datasets\By_Equipment\fsf\trial_badan_shell_2021\raw\compressed\log2.csv,2021-07-06 11:00:00,2021-07-06 11:00:00,12,3531.76,,4054.55,21.1,609.13,,TEST,71063.71,34837527.84527783,99.86,35374.60948606411,8.67,14894.48728837065,BAN-1001,591.73,52.5,12.78,1.5,711.6333867414381,10.89,7.988574587671611,2021-07-06 11:00:00
2021-07-06 12:00:00,317.6772738878125,0.0396028848162356,55.67597363150427,6.88002782250549,0.6834957020749707,0.0,0.0,35.894691312164255,0.0,0.0,0.0,0.0,0.0,57.16557118095633,7698119.723803765,inf,392.61441205068655,3.36140974399759e-05,2.3424101285141927,362.7491435896537,-8.955048826788668e-06,57.16557118095633,1447.8468848383543,85.82065056212572,44.35217642654216,41.4684741355842,134744.97546685717,71.4645397596715,30.66037551011961,40.80416424955247,D:\OneDrive\OneDrive - WFT\Compartido\Well_Datasets\By_Equipment\fsf\trial_badan_shell_2021\raw\compressed\log2.csv,2021-07-06 12:00:00,2021-07-06 12:00:00,12,3574.89,,4056.67,21.09,611.36,,TEST,70337.67,34840458.58152783,101.52,35378.83948606411,4.78,14894.686455037318,BAN-1001,598.06,52.19,17.19,1.5,692.8454491725769,13.82,4.496707431796802,2021-07-06 12:00:00
2021-07-06 13:00:00,317.4598010258732,0.0397465205041973,55.69460898863322,6.890020333019085,0.6839627546538827,0.0,0.0,36.002061342653704,0.0,0.0,0.0,0.0,0.0,57.16582553958542,7689724.828145987,inf,392.3043720386204,3.359568172728014e-05,2.3415668766793307,363.532108695886,-8.598196291166531e-06,57.16582553958542,1449.8293260688624,86.01003469702684,44.29380192840026,41.71623276862733,134921.87071342787,71.66630543023491,30.61884515620892,41.047460274026605,D:\OneDrive\OneDrive - WFT\Compartido\Well_Datasets\By_Equipment\fsf\trial_badan_shell_2021\raw\compressed\log2.csv,2021-07-06 13:00:00,2021-07-06 13:00:00,12,3700.17,,4055.41,20.89,574.31,,TEST,70368.37,34843390.596944496,97.32,35382.89448606411,8.05,14895.021871703984,BAN-1001,584.72,54.45,19.51,1.5,723.0617550349363,15.17,7.639745658156973,2021-07-06 13:00:00
2021-07-06 14:00:00,317.4340548161032,0.0396338215888178,55.68254821524671,6.882751737312153,0.6836462468426837,0.0,0.0,35.92627017339412,0.0,0.0,0.0,0.0,0.0,57.1664074350023,7689724.828020058,inf,392.2760244323978,3.3593560779326575e-05,2.3415054107913065,363.2731500986939,-8.467552451908758e-06,57.1664074350023,1448.3724250603027,85.88215947900493,44.358131643835854,41.52402783516976,134795.87659827407,71.52293128457093,30.664073495994764,40.85885778857674,D:\OneDrive\OneDrive - WFT\Compartido\Well_Datasets\By_Equipment\fsf\trial_badan_shell_2021\raw\compressed\log2.csv,2021-07-06 14:00:00,2021-07-06 14:00:00,12,3879.48,,4054.94,20.79,526.14,,TEST,70637.35,34846333.819861166,99.71,35387.04906939745,3.41,14895.163955037318,BAN-1001,543.29,59.37,18.54,1.5,708.4279410289842,16.61,3.306826997672615,2021-07-06 14:00:00
2021-07-06 15:00:00,317.65804897852775,0.0396077987767983,55.678223895577005,6.881428822446012,0.6836063170204022,0.0,0.0,35.89580516626716,0.0,0.0,0.0,0.0,0.0,57.16692389723609,7697473.528767007,inf,392.5873561889116,3.361252882297824e-05,2.3423363956879464,362.7841065069583,-8.932525831931713e-06,57.16692389723609,1448.2647825259835,85.76081233093349,44.31020937182804,41.45060295910613,134776.18019044815,71.41794905691367,30.631415990471293,40.78653306644297,D:\OneDrive\OneDrive - WFT\Compartido\Well_Datasets\By_Equipment\fsf\trial_badan_shell_2021\raw\compressed\log2.csv,2021-07-06 15:00:00,2021-07-06 15:00:00,12,3875.52,,4052.4,23.26,537.33,,TEST,70505.98,34849271.56902783,95.38,35391.02323606412,8.63,14895.523538370651,BAN-1001,544.83,59.41,18.95,1.5,739.2113650660516,18.87,8.297279107778099,2021-07-06 15:00:00
2021-07-06 16:00:00,317.46074255784595,0.0397426553868366,55.694040571684766,6.888393885889722,0.6838922253331137,0.0,0.0,36.02103406829425,0.0,0.0,0.0,0.0,0.0,57.16717926285292,7689724.828401967,inf,392.3052216455193,3.35956954398526e-05,2.341568864820293,363.60683177862535,-8.591162737159426e-06,57.16717926285292,1449.3086101207923,86.10066122038812,44.32787625979423,41.77278496059461,134881.36031292874,71.74536816073797,30.64222705253794,41.10314110820063,D:\OneDrive\OneDrive - WFT\Compartido\Well_Datasets\By_Equipment\fsf\trial_badan_shell_2021\raw\compressed\log2.csv,2021-07-06 16:00:00,2021-07-06 16:00:00,12,3826.3,,4053.56,23.99,561.46,,TEST,70398.12,34852204.82402784,96.65,35395.05031939745,7.27,14895.82645503732,BAN-1001,546.33,59.08,20.3,1.5,728.3819968960165,23.22,6.995765973826019,2021-07-06 16:00:00
2021-07-06 17:00:00,317.490101295569,0.0396285276772188,55.6808666712074,6.88246701251099,0.6835671747258418,0.0,0.0,35.90678344878333,0.0,0.0,0.0,0.0,0.0,57.16745191915638,7691661.948914106,inf,392.354274997679,3.359830895616129e-05,2.341715102632909,363.10380718833153,-8.57983979194982e-06,57.16745191915638,1448.368835017052,85.84409788820072,44.35837142893608,41.4857264592653,134794.2337363148,71.48557093841009,30.6644073603029,40.821163578107736,D:\OneDrive\OneDrive - WFT\Compartido\Well_Datasets\By_Equipment\fsf\trial_badan_shell_2021\raw\compressed\log2.csv,2021-07-06 17:00:00,2021-07-06 17:00:00,12,3782.75,,4053.18,24.46,587.75,,TEST,70236.07,34855131.3269445,98.13,35399.13906939745,7.46,14896.137288370652,BAN-1001,535.55,60.94,20.72,1.5,715.7451340059106,23.88,7.065062979448812,2021-07-06 17:00:00
2021-07-06 18:00:00,317.4510359656755,0.0396299872653008,55.68281943365032,6.884473011448772,0.6838013590156201,0.0,0.0,35.90053184892122,0.0,0.0,0.0,0.0,0.0,57.16792607828872,7690370.42621322,inf,392.3007578632219,3.359512715172914e-05,2.341572523590037,363.1411429270776,-8.51705836731062e-06,57.16792607828872,1449.0091782266893,85.73371788052027,44.28736884865264,41.44634903186832,134840.5111226181,71.39791482039361,30.615596627326955,40.78231819306726,D:\OneDrive\OneDrive - WFT\Compartido\Well_Datasets\By_Equipment\fsf\trial_badan_shell_2021\raw\compressed\log2.csv,2021-07-06 18:00:00,2021-07-06 18:00:00,12,3713.13,,4050.54,24.06,616.99,,TEST,69941.45,34858045.55402783,97.71,35403.210319397454,9.28,14896.52395503732,BAN-1001,570.85,55.73,20.98,1.5,715.8064681199468,23.05,8.673707823161044,2021-07-06 18:00:00
2021-07-06 19:00:00,317.59399709071914,0.0397357531850481,55.69185411794279,6.886855973744927,0.6838064321438092,0.0,0.0,36.025109660389,0.0,0.0,0.0,0.0,0.0,57.16808950690229,7694246.296160368,inf,392.4892113912397,3.3606889960483654e-05,2.342058287035133,363.4053002968794,-8.862850007438824e-06,57.16808950690229,1448.8942604213996,86.1374962983675,44.34408681229762,41.793409486070615,134846.10480319842,71.77683459338299,30.653403565212432,41.12343102817116,D:\OneDrive\OneDrive - WFT\Compartido\Well_Datasets\By_Equipment\fsf\trial_badan_shell_2021\raw\compressed\log2.csv,2021-07-06 19:00:00,2021-07-06 19:00:00,12,3504.03,,4045.79,21.39,632.64,,TEST,69577.79,34860944.62861117,103.17,35407.509069397456,5.37,14896.747705037318,BAN-1001,626.16,49.26,20.1,1.5,674.399437821072,20.09,4.947484798231066,2021-07-06 19:00:00
2021-07-06 20:00:00,317.4710511494325,0.0396268299816959,55.68155986831478,6.882339980452173,0.6835583675956381,0.0,0.0,35.90585355966336,0.0,0.0,0.0,0.0,0.0,57.16812633749085,7691016.133483843,inf,392.3278299855865,3.359671409460335e-05,2.3416443763222534,363.1311656723116,-8.544163588453135e-06,57.16812633749085,1448.342234879256,85.84247433375452,44.358895201039005,41.483579132716166,134791.63418520734,71.48383857384802,30.66479055292044,40.819048020928136,D:\OneDrive\OneDrive - WFT\Compartido\Well_Datasets\By_Equipment\fsf\trial_badan_shell_2021\raw\compressed\log2.csv,2021-07-06 20:00:00,2021-07-06 20:00:00,12,3513.28,,4042.0,21.95,624.7,,TEST,69722.27,34863849.7231945,100.91,35411.71365273079,7.81,14897.073121703985,BAN-1001,618.51,49.66,18.38,1.5,690.9351897730652,17.55,7.183590875643856,2021-07-06 20:00:00
2021-07-06 21:00:00,317.45105705340785,0.0396345804007219,55.68269065285357,6.885084758656984,0.6838394627444422,0.0,0.0,35.900687558393976,0.0,0.0,0.0,0.0,0.0,57.16833941775112,7690370.426186322,inf,392.3008277657111,3.3595126458796e-05,2.341572835113908,363.14175993361374,-8.516042638940458e-06,57.16833941775112,1449.1626413612132,85.72594797854418,44.28170841583759,41.44423956270729,134853.7940430444,71.3919026245852,30.611663436671428,40.78023918791437,D:\OneDrive\OneDrive - WFT\Compartido\Well_Datasets\By_Equipment\fsf\trial_badan_shell_2021\raw\compressed\log2.csv,2021-07-06 21:00:00,2021-07-06 21:00:00,12,3442.32,,4040.21,21.83,629.05,,TEST,69604.77,34866749.9219445,98.52,35415.81865273079,9.35,14897.462705037318,BAN-1001,617.82,49.9,19.52,1.5,706.503958587089,18.55,8.667840919625476,2021-07-06 21:00:00
2021-07-06 22:00:00,317.6864008756259,0.0397207330663979,55.68784363524292,6.88532337216397,0.6837033540130151,0.0,0.0,36.01914308395963,0.0,0.0,0.0,0.0,0.0,57.1685130604082,7697473.529529484,inf,392.6181265516564,3.361465168323489e-05,2.342404055998099,363.2306770181125,-9.033968710478693e-06,57.1685130604082,1448.5557742402127,86.1287352320756,44.34827422162561,41.78046101045072,134816.52230542622,71.76709421980664,30.65635390273071,41.11074031707653,D:\OneDrive\OneDrive - WFT\Compartido\Well_Datasets\By_Equipment\fsf\trial_badan_shell_2021\raw\compressed\log2.csv,2021-07-06 22:00:00,2021-07-06 22:00:00,12,3455.93,,4039.35,21.07,625.62,,TEST,69652.81,34869652.12236117,101.83,35420.06156939746,6.1,14897.716871703986,BAN-1001,616.92,49.75,18.51,1.5,684.010704114701,17.26,5.651811359214306,2021-07-06 22:00:00
2021-07-06 23:00:00,90.1890119,0.03505942,60.93157573,7.132218279,0.787299773,0.0,0.0,26.34197354,0.0,0.0,0.0,0.0,0.0,57.1675604741745,0.187645939092943,1.47561796816887,78.2018537161987,1.45473450279e-05,1.50469435190634,695.880154270262,0.0004420616984814,57.1675604741745,1493.9402374584574,93.97529401107744,69.22034692854625,24.7549470825312,138683.48853640034,72.559715321304,48.17588117589504,24.38383414540896,D:\OneDrive\OneDrive - WFT\Compartido\Well_Datasets\By_Equipment\fsf\trial_badan_shell_2021\raw\compressed\log3.csv,2021-07-06 23:00:00,2021-07-06 23:00:00,12,3445.77,,4034.64,20.78,624.85,,TEST,69841.42,34872562.18152784,100.04,35424.2299027308,8.79,14898.083121703983,BAN-1001,613.23,49.9,16.95,1.5,698.1349460215913,15.55,8.076817054121104,2021-07-06 23:00:00
2021-07-07 00:00:00,317.57287248899127,0.0396429416684585,55.68041286899864,6.885511204675205,0.6838478496443553,0.0,0.0,35.91315960412269,0.0,0.0,0.0,0.0,0.0,57.24427227173943,7694246.295291707,inf,392.4685204057041,3.360530362886453e-05,2.3420185658694948,362.9934031486419,-8.758148918238421e-06,57.24427227173943,1449.2499894529349,85.73258564783318,44.26487640876481,41.46770923906905,134862.60244591747,71.40297859079662,30.599650971324785,40.80332761947245,D:\OneDrive\OneDrive - WFT\Compartido\Well_Datasets\By_Equipment\fsf\trial_badan_shell_2021\raw\compressed\log3.csv,2021-07-07 00:00:00,2021-07-07 00:00:00,12,3448.69,,4034.36,20.33,624.89,,TEST,69784.38,34875469.864027835,96.96,35428.2699027308,11.12,14898.546455037318,BAN-1001,613.46,49.7,16.64,1.5,719.723391089109,15.26,10.288675055514434,2021-07-07 00:00:00
2021-07-07 01:00:00,317.5826734339496,0.0396621421983773,55.684860422403865,6.883819720019853,0.6837381953023097,0.0,0.0,35.96267133101459,0.0,0.0,0.0,0.0,0.0,57.17808934394596,7694278.575304573,inf,392.4783370157448,3.360601774888154e-05,2.342038010600302,363.1755220827482,-8.800686365037773e-06,57.17808934394596,1448.494402450087,85.95807410118256,44.33730317796763,41.62077092321559,134806.3533563888,71.60317387773762,30.64925856101137,40.95391531672683,D:\OneDrive\OneDrive - WFT\Compartido\Well_Datasets\By_Equipment\fsf\trial_badan_shell_2021\raw\compressed\log3.csv,2021-07-07 01:00:00,2021-07-07 01:00:00,12,3425.62,,4029.92,20.41,624.18,,TEST,69691.44,34878373.67402784,102.22,35432.52906939746,4.15,14898.719371703985,BAN-1001,612.16,49.67,16.55,1.5,681.7789082371356,15.1,3.9014759800695686,2021-07-07 01:00:00
2021-07-07 02:00:00,317.4445932187946,0.0397274577960039,55.69250948347372,6.887397695087842,0.6837833459793526,0.0,0.0,35.99014958300293,0.0,0.0,0.0,0.0,0.0,57.137256794947135,7689724.828228222,inf,392.2849731463792,3.359443192392967e-05,2.341518237483868,363.5085505571621,-8.552336006892925e-06,57.137256794947135,1449.1615464849729,86.04759185342066,44.34299706400874,41.704594789412624,134865.7888569452,71.68928002802542,30.6532578468936,41.03602218113242,D:\OneDrive\OneDrive - WFT\Compartido\Well_Datasets\By_Equipment\fsf\trial_badan_shell_2021\raw\compressed\log3.csv,2021-07-07 02:00:00,2021-07-07 02:00:00,12,3442.17,,4028.88,18.66,619.95,,TEST,69799.62,34881281.99152784,101.14,35436.743236064125,4.37,14898.901455037318,BAN-1001,607.59,49.92,15.46,1.5,690.1287324500692,13.82,4.141787508293053,2021-07-07 02:00:00
2021-07-07 03:00:00,317.4515029446177,0.0396176711431448,55.68237547156065,6.881561321839426,0.6835801466782849,0.0,0.0,35.89917865408703,0.0,0.0,0.0,0.0,0.0,57.14704404668637,7690370.426516366,inf,392.3011262062233,3.359512092453691e-05,2.3415734269811246,363.13593436184846,-8.511581698967102e-06,57.14704404668637,1448.156921429759,85.8471742543247,44.36858552980242,41.4785887245229,134773.95221783535,71.48583787866271,30.6717231786071,40.81411470005617,D:\OneDrive\OneDrive - WFT\Compartido\Well_Datasets\By_Equipment\fsf\trial_badan_shell_2021\raw\compressed\log3.csv,2021-07-07 03:00:00,2021-07-07 03:00:00,12,3439.41,,4027.26,18.93,620.6,,TEST,70101.39,34884202.88277784,94.78,35440.69240273079,7.27,14899.204371703983,BAN-1001,606.07,50.25,14.6,1.5,739.6221776746149,12.82,7.123958843704066,2021-07-07 03:00:00
2021-07-07 04:00:00,317.4707851112712,0.0397275170146082,55.69080641084955,6.889417302883495,0.6839370303930024,0.0,0.0,35.980577697586334,0.0,0.0,0.0,0.0,0.0,57.15294359008566,7690370.426558261,inf,392.3217250479782,3.359662569931926e-05,2.3416174999830504,363.4287443198688,-8.598735561675615e-06,57.15294359008566,1449.8172536914378,85.93275801266829,44.27636570870397,41.65639230396504,134918.3069733577,71.59561184983583,30.60696151443849,40.98865033539796,D:\OneDrive\OneDrive - WFT\Compartido\Well_Datasets\By_Equipment\fsf\trial_badan_shell_2021\raw\compressed\log3.csv,2021-07-07 04:00:00,2021-07-07 04:00:00,12,3433.21,,4021.39,18.22,616.42,,TEST,69946.93,34887117.338194504,96.33,35444.70615273079,9.65,14899.606455037318,BAN-1001,603.67,50.23,14.16,1.5,726.1178241461641,12.12,9.105491602189092,2021-07-07 04:00:00
2021-07-07 05:00:00,317.47998902922006,0.0396606647659108,55.68619705144157,6.884485597892643,0.6837543531035304,0.0,0.0,35.95055192567345,0.0,0.0,0.0,0.0,0.0,57.15669709929749,7691016.133642851,inf,392.3371507704784,3.3597425793844414e-05,2.341662948276128,363.2940978430176,-8.590441381258586e-06,57.15669709929749,1448.6979845817714,85.92547730321368,44.3462771707962,41.579200132418144,134823.74274763244,71.56876397270119,30.65573460395677,40.91302936874498,D:\OneDrive\OneDrive - WFT\Compartido\Well_Datasets\By_Equipment\fsf\trial_badan_shell_2021\raw\compressed\log3.csv,2021-07-07 05:00:00,2021-07-07 05:00:00,12,3429.6,,4016.46,17.14,612.81,,TEST,69742.16,34890023.26152784,100.84,35448.90781939746,4.31,14899.78603837065,BAN-1001,598.8,49.63,11.64,1.5,691.6120587068624,9.18,4.09890632429862,2021-07-07 05:00:00
2021-07-07 06:00:00,317.6962367551442,0.039599665888926,55.67538589669625,6.879696877859827,0.6834808775569685,0.0,0.0,35.894707216933135,0.0,0.0,0.0,0.0,0.0,57.15923479923613,7698766.027181925,inf,392.64073411314007,3.361568975644394e-05,2.3424804807322763,362.7182472774239,-8.991804559872907e-06,57.15923479923613,1447.7765594684054,85.81709116102395,44.34874352293025,41.46834763809436,134738.4538144957,71.46202715973776,30.657989962780974,40.80403719695739,D:\OneDrive\OneDrive - WFT\Compartido\Well_Datasets\By_Equipment\fsf\trial_badan_shell_2021\raw\compressed\log3.csv,2021-07-07 06:00:00,2021-07-07 06:00:00,12,3428.07,,4016.49,17.33,608.62,,TEST,69873.0,34892934.63652784,101.22,35453.125319397455,6.08,14900.039371703984,BAN-1001,594.88,49.87,10.92,1.5,690.3082394783639,8.68,5.6663560111835976,2021-07-07 06:00:00
