Time,Pressure[Bar],DP[Bar],Temperature[C],Velocity[m/s],Quality,WaterCut[%],Xl,WWC[%],ch1[nA],ch2[nA],ch3[nA],ch4[nA],ch5[nA],TotWLR[%],XLM,Frg_dp_out,GasDen[kg/m3],GasVisc[cP],Kappa,LiqDen[kg/m3],LiqVisc[cP],TotWLR[%].1,Qg[m3/d],Ql[m3/d],Qo[m3/d],Qw[m3/d],QgStd[m3/d],QlStd[m3/d],QoStd[m3/d],QwStd[m3/d],filename
2021-07-04 23:00:00,328.390566493793,0.0449307909310344,55.90759247402295,6.968216324586208,0.6696314433678162,0.0,0.0,40.09858397735633,0.0,0.0,0.0,0.0,0.0,57.16855483529405,8045977.225760942,inf,407.11144781248254,3.450723728272301e-05,2.380467562994276,361.9417182524449,-3.2713718192596536e-05,57.16855483529405,1437.38102444171,104.27606135146476,49.201281634745165,55.07477971671993,134595.97247198236,88.15200279661846,33.98301218128111,54.168990615337954,D:\OneDrive\OneDrive - WFT\Compartido\Well_Datasets\By_Equipment\fsf\trial_badan_shell_2021\raw\compressed\log1.csv
2021-07-05 00:00:00,317.3768281166889,0.0396258236706434,55.685422209506726,6.88336122811984,0.6837694323549026,0.0,0.0,35.907808401613224,0.0,0.0,0.0,0.0,0.0,57.11556489340999,7687783.746129241,inf,392.1974446551809,3.358888349537537e-05,2.341295975582266,363.2913697950505,-8.373643376541117e-06,57.11556489340999,1448.6746828994892,85.78189539890035,44.30921148553296,41.47268391336807,134812.69178005515,71.43889336281055,30.63067345502409,40.808219907787056,D:\OneDrive\OneDrive - WFT\Compartido\Well_Datasets\By_Equipment\fsf\trial_badan_shell_2021\raw\compressed\log1.csv
2021-07-05 01:00:00,317.6871261525738,0.0397413924548811,55.68967963835215,6.888101935031592,0.6838493013394653,0.0,0.0,36.01798070370696,0.0,0.0,0.0,0.0,0.0,57.182908655360905,7697473.529400072,inf,392.6183362558086,3.3614730479726065e-05,2.3424027210479514,363.2246543739172,-9.050864463952991e-06,57.182908655360905,1449.2600885636102,86.08894970988811,44.321036558480685,41.76791315140815,134876.34873734124,71.73582893283353,30.637488620989817,41.09834031184431,D:\OneDrive\OneDrive - WFT\Compartido\Well_Datasets\By_Equipment\fsf\trial_badan_shell_2021\raw\compressed\log1.csv
2021-07-05 02:00:00,317.43290507541315,0.0396237795617023,55.68143333256707,6.882086181936567,0.6835407440354307,0.0,0.0,35.904940137358174,0.0,0.0,0.0,0.0,0.0,57.178972899234736,7689724.827926145,inf,392.2754946110969,3.359350336076769e-05,2.341505963886988,363.1899367017646,-8.460325928761814e-06,57.178972899234736,1448.2840714240344,85.84248223641639,44.36147429504289,41.48100794137415,134786.85056554095,71.48313054002853,30.666594481672757,40.816536058356334,D:\OneDrive\OneDrive - WFT\Compartido\Well_Datasets\By_Equipment\fsf\trial_badan_shell_2021\raw\compressed\log1.csv
2021-07-05 03:00:00,317.6455522582441,0.0396317023994459,55.678746479163074,6.8846350591886285,0.6837974245730276,0.0,0.0,35.89884290771116,0.0,0.0,0.0,0.0,0.0,57.177174693405554,7696827.442233493,inf,392.5698367708448,3.361147121815146e-05,2.342289332869784,362.8167638169574,-8.9079322851594e-06,57.177174693405554,1449.0683395616436,85.72046397017976,44.2782262681416,41.44223770203887,134845.3556813745,71.38747248998014,30.6091948629514,40.77827762702933,D:\OneDrive\OneDrive - WFT\Compartido\Well_Datasets\By_Equipment\fsf\trial_badan_shell_2021\raw\compressed\log1.csv
2021-07-05 04:00:00,317.43497034038626,0.0397230458405942,55.69339249784261,6.8859575439398455,0.6837706566978972,0.0,0.0,36.019441078070265,0.0,0.0,0.0,0.0,0.0,57.17628638021918,7689079.338300322,inf,392.2701873612933,3.3593527427001584e-05,2.34147680571511,363.64251802710527,-8.530677821940304e-06,57.17628638021918,1448.7012067401934,86.12888909641659,44.3520211617164,41.77686793470089,134829.21238755443,71.7662244053554,30.659025474594703,41.10719893076129,D:\OneDrive\OneDrive - WFT\Compartido\Well_Datasets\By_Equipment\fsf\trial_badan_shell_2021\raw\compressed\log1.csv
2021-07-05 05:00:00,317.3947541536446,0.0396270191895248,55.68545363551358,6.88249016110134,0.6836280001616628,0.0,0.0,35.89928834586123,0.0,0.0,0.0,0.0,0.0,57.17569710453858,7688433.955942937,inf,392.2216778024192,3.359035830952749e-05,2.341359532436636,363.2290454421001,-8.411205975264176e-06,57.17569710453858,1448.3348484535643,85.86926877278765,44.38727073110238,41.48199804168593,134791.23725185002,71.50214035147415,30.68466397273943,40.817476378735286,D:\OneDrive\OneDrive - WFT\Compartido\Well_Datasets\By_Equipment\fsf\trial_badan_shell_2021\raw\compressed\log1.csv
2021-07-05 06:00:00,317.65709279781186,0.0396807264305018,55.68242107292588,6.886807443581695,0.6838650598577346,0.0,0.0,35.9545245466754,0.0,0.0,0.0,0.0,0.0,57.17500566236419,7696827.442473369,inf,392.5820706358074,3.361229895972429e-05,2.3423160608966307,363.021081024344,-8.946366189444423e-06,57.17500566236419,1449.3754160333192,85.83748751549045,44.26012331041423,41.57736420507693,134876.86480177188,71.50694107810715,30.595850319901388,40.91109075820639,D:\OneDrive\OneDrive - WFT\Compartido\Well_Datasets\By_Equipment\fsf\trial_badan_shell_2021\raw\compressed\log1.csv
2021-07-05 07:00:00,317.4812885964678,0.0396925759448361,55.688835128981445,6.885743751391049,0.6837578607593657,0.0,0.0,35.970667216291424,0.0,0.0,0.0,0.0,0.0,57.17490233842239,7691016.133722785,inf,392.3373832390814,3.35975231006721e-05,2.341660843602819,363.3715771693453,-8.60863780509553e-06,57.17490233842239,1448.8843592717983,85.98642935217832,44.34351018520612,41.64291916697286,134840.7505992414,71.62923838707688,30.653707977458524,40.97553040961893,D:\OneDrive\OneDrive - WFT\Compartido\Well_Datasets\By_Equipment\fsf\trial_badan_shell_2021\raw\compressed\log1.csv
2021-07-05 08:00:00,317.4322434161259,0.0396111114320012,55.68160626761323,6.881094116909286,0.6835724400559142,0.0,0.0,35.89783702551046,0.0,0.0,0.0,0.0,0.0,57.17455326865314,7689724.82791757,inf,392.2750493072349,3.359349721930936e-05,2.3415053022805616,363.1621551886561,-8.464261878699828e-06,57.17455326865314,1448.072441099744,85.8330403541965,44.36044866321898,41.47259169097816,134765.88613632572,71.47431735039909,30.66610052603901,40.80821682436065,D:\OneDrive\OneDrive - WFT\Compartido\Well_Datasets\By_Equipment\fsf\trial_badan_shell_2021\raw\compressed\log1.csv
2021-07-05 09:00:00,317.6854726835668,0.0397420374157641,55.68931847769067,6.889569676020425,0.68390212842517,0.0,0.0,35.99359443318147,0.0,0.0,0.0,0.0,0.0,57.17413978881687,7697473.529103114,inf,392.61712932127085,3.361466752251779e-05,2.3424010541652227,363.12943587116615,-9.050395635544164e-06,57.17413978881687,1449.7708809344667,85.98179298992379,44.28373975184894,41.69805323807559,134915.19398307512,71.641515085106,30.611945175868478,41.02956990923813,D:\OneDrive\OneDrive - WFT\Compartido\Well_Datasets\By_Equipment\fsf\trial_badan_shell_2021\raw\compressed\log1.csv
2021-07-05 10:00:00,317.41544881606734,0.0396351448450431,55.68363217718785,6.882821500824257,0.68366906883254,0.0,0.0,35.93128911965255,0.0,0.0,0.0,0.0,0.0,57.17396990656444,7689079.337859093,inf,392.24985794226353,3.359199263645945e-05,2.3414347833501528,363.32351663825045,-8.434737122888133e-06,57.17396990656444,1448.3704281534444,85.89332830785642,44.3587658380545,41.5345624698026,134795.8802467856,71.53369326306073,30.664471860669572,40.86922140239172,D:\OneDrive\OneDrive - WFT\Compartido\Well_Datasets\By_Equipment\fsf\trial_badan_shell_2021\raw\compressed\log1.csv
2021-07-05 11:00:00,317.4508032276174,0.0396096879733858,55.68237227409278,6.881678792684439,0.683644450065322,0.0,0.0,35.89911164346659,0.0,0.0,0.0,0.0,0.0,57.173661593395416,7690370.426357138,inf,392.3005803389601,3.359509876504994e-05,2.341572456462516,363.1360920882896,-8.512490919015799e-06,57.173661593395416,1448.2951607046264,85.77780536644329,44.31964092621861,41.45816444022534,134779.98766369122,71.43190345771151,30.637925565982,40.7939778917301,D:\OneDrive\OneDrive - WFT\Compartido\Well_Datasets\By_Equipment\fsf\trial_badan_shell_2021\raw\compressed\log1.csv
2021-07-05 12:00:00,317.7062428276588,0.0397440445661516,55.69010711201217,6.888415787729798,0.6838747239779258,0.0,0.0,36.01851192430079,0.0,0.0,0.0,0.0,0.0,57.173528412328814,7698119.724257976,inf,392.6444100373821,3.3616343189500653e-05,2.342471294452831,363.1954367088714,-9.095826320932896e-06,57.173528412328814,1449.338374895365,86.08510732167437,44.31700292005587,41.76810440161924,134882.70845619077,71.73319913418733,30.63468595841676,41.09851317577119,D:\OneDrive\OneDrive - WFT\Compartido\Well_Datasets\By_Equipment\fsf\trial_badan_shell_2021\raw\compressed\log1.csv
2021-07-05 13:00:00,317.4138209493345,0.0396224005492318,55.680979494071934,6.881966821444757,0.6835329229273105,0.0,0.0,35.90463704000929,0.0,0.0,0.0,0.0,0.0,57.17370655083832,7689079.337741869,inf,392.24947144536975,3.359189266757933e-05,2.3414375479785843,363.2200091781711,-8.415205293123169e-06,57.17370655083832,1448.2551617944143,85.8434986351996,44.36337891958557,41.48011971561469,134784.71663567735,71.48359403701193,30.66791775628116,40.81567628073133,D:\OneDrive\OneDrive - WFT\Compartido\Well_Datasets\By_Equipment\fsf\trial_badan_shell_2021\raw\compressed\log1.csv
2021-07-05 14:00:00,317.432003482077,0.0396328640740428,55.68303125465824,6.884950811017238,0.6838299029555114,0.0,0.0,35.9000037034235,0.0,0.0,0.0,0.0,0.0,57.17375541947223,7689724.827609155,inf,392.2745209008672,3.359352721073535e-05,2.341502838649759,363.1701539052104,-8.477454199845644e-06,57.17375541947223,1449.1345782630997,85.72424482387578,44.28195977663108,41.4422850472454,134851.20563846093,71.39016922343728,30.611850704256906,40.77831851918096,D:\OneDrive\OneDrive - WFT\Compartido\Well_Datasets\By_Equipment\fsf\trial_badan_shell_2021\raw\compressed\log1.csv
2021-07-05 15:00:00,317.6674272701999,0.0397203906614905,55.68840427361751,6.885381840294476,0.6837117175151962,0.0,0.0,36.01860444774643,0.0,0.0,0.0,0.0,0.0,57.173791358041086,7696827.443123423,inf,392.5918063414766,3.361305866321766e-05,2.34233374180719,363.2595333740869,-8.996999187576133e-06,57.173791358041086,1448.574299725511,86.1256146516607,44.34744425084022,41.77817040082122,134817.9925704631,71.76427078628959,30.65578399069869,41.1084867955915,D:\OneDrive\OneDrive - WFT\Compartido\Well_Datasets\By_Equipment\fsf\trial_badan_shell_2021\raw\compressed\log1.csv
2021-07-05 16:00:00,317.4139552195007,0.0396279922732308,55.68513141217986,6.882556841745436,0.6836202299529968,0.0,0.0,35.900657933243565,0.0,0.0,0.0,0.0,0.0,57.173806778454,7689079.337766705,inf,392.2481159824914,3.35919645496567e-05,2.3414297846854986,363.2032027147978,-8.449898286003388e-06,57.173806778454,1448.35619657631,85.86537716835262,44.38241328315288,41.48296388520038,134793.01469434806,71.49967572234128,30.681252882185674,40.818422840156174,D:\OneDrive\OneDrive - WFT\Compartido\Well_Datasets\By_Equipment\fsf\trial_badan_shell_2021\raw\compressed\log1.csv
2021-07-05 17:00:00,317.6748300280132,0.0396486204251656,55.67974301878527,6.88508511796922,0.6838429571912239,0.0,0.0,35.9373119701671,0.0,0.0,0.0,0.0,0.0,57.173563399243655,7697473.528830349,inf,392.6080191026776,3.361380471017724e-05,2.342387657265108,362.9239217264918,-8.968721041288006e-06,57.173563399243655,1449.054228212726,85.79341665451216,44.266096353207054,41.5273203013058,134848.05332902537,71.46211997168702,30.60011165892801,40.86200831275962,D:\OneDrive\OneDrive - WFT\Compartido\Well_Datasets\By_Equipment\fsf\trial_badan_shell_2021\raw\compressed\log1.csv
2021-07-05 18:00:00,317.4253639592497,0.0397222979336857,55.692381396064725,6.887333377036296,0.6837935045150716,0.0,0.0,35.985824837999736,0.0,0.0,0.0,0.0,0.0,57.17336149327589,7689079.338014606,inf,392.2586796511868,3.3592818144985075e-05,2.341448722667859,363.5228569719051,-8.510564795653617e-06,57.17336149327589,1449.1697423719672,86.03394662964804,44.34354000409557,41.69040662555319,134866.4502750881,71.67576234553027,30.65366023725065,41.02210210828022,D:\OneDrive\OneDrive - WFT\Compartido\Well_Datasets\By_Equipment\fsf\trial_badan_shell_2021\raw\compressed\log1.csv
2021-07-05 19:00:00,317.3942323626844,0.0396115602612891,55.68224065228965,6.881312782146081,0.6835898956468903,0.0,0.0,35.896902550270326,0.0,0.0,0.0,0.0,0.0,57.17317851468263,7688433.955876027,inf,392.22255129157134,3.359030313338043e-05,2.3413656207914944,363.2205566007654,-8.386666281983617e-06,57.17317851468263,1448.133259552808,85.82659879108184,44.358512876069966,41.4680859150125,134771.08132717013,71.46855919914493,30.66477257829391,40.80378662085159,D:\OneDrive\OneDrive - WFT\Compartido\Well_Datasets\By_Equipment\fsf\trial_badan_shell_2021\raw\compressed\log1.csv
2021-07-05 20:00:00,317.5286051563328,0.039746262650235,55.69199775845306,6.8901711959379695,0.683928426033595,0.0,0.0,35.99075384374546,0.0,0.0,0.0,0.0,0.0,57.17315164440715,7692307.872946151,inf,392.40043271287766,3.3601484934420906e-05,2.3418245358042813,363.37451422305327,-8.731100564114283e-06,57.17315164440715,1449.9161536501415,85.97762538010598,44.28602801048264,41.691597369624056,134928.12143918785,71.636798205543,30.61358215916138,41.023216046382245,D:\OneDrive\OneDrive - WFT\Compartido\Well_Datasets\By_Equipment\fsf\trial_badan_shell_2021\raw\compressed\log1.csv
2021-07-05 21:00:00,317.6863144874354,0.0396384183392376,55.68021417106522,6.882721247271102,0.6836621758786978,0.0,0.0,35.93819715539883,0.0,0.0,0.0,0.0,0.0,57.17307889590332,7698119.723963534,inf,392.6235865669914,3.3614773067165425e-05,2.342427929185808,362.9079640697549,-8.996123087490709e-06,57.17307889590332,1448.3356234930031,85.89983139423106,44.34920497756064,41.55062641667109,134791.5330726622,71.542800281841,30.65780516611699,40.88499511572456,D:\OneDrive\OneDrive - WFT\Compartido\Well_Datasets\By_Equipment\fsf\trial_badan_shell_2021\raw\compressed\log1.csv
2021-07-05 22:00:00,317.4320717965364,0.0396047274008561,55.681479955052815,6.880904962247009,0.6835866324853133,0.0,0.0,35.897509908753406,0.0,0.0,0.0,0.0,0.0,57.17281588668511,7689724.827844381,inf,392.2750686353253,3.3593499394105484e-05,2.341505720151956,363.1608169784142,-8.464041437527237e-06,57.17281588668511,1448.0848622762314,85.79824457770314,44.33619584503716,41.46204873266664,134763.8804391608,71.4471677453103,30.64934060804176,40.79782713726912,D:\OneDrive\OneDrive - WFT\Compartido\Well_Datasets\By_Equipment\fsf\trial_badan_shell_2021\raw\compressed\log1.csv
2021-07-05 23:00:00,317.52202068445894,0.0396638683501934,55.684217323894906,6.885672408619457,0.6838139859435323,0.0,0.0,35.94344059895563,0.0,0.0,0.0,0.0,0.0,57.17273190133448,7692307.872827802,inf,392.3957043997528,3.360094327045243e-05,2.3418203595017624,363.1981115613816,-8.667899105109873e-06,57.17273190133448,1449.0851597648796,85.85739848683434,44.3019474148937,41.55545107194133,134854.9028240436,71.51453107825017,30.62488547086101,40.88964560738976,D:\OneDrive\OneDrive - WFT\Compartido\Well_Datasets\By_Equipment\fsf\trial_badan_shell_2021\raw\compressed\log1.csv
2021-07-05 23:00:00,371.9372299043749,0.07004762290625,58.449940244687504,8.09276583878125,0.7238435771250001,0.0,0.0,63.60406995062501,0.0,0.0,0.0,0.0,0.0,57.17339918253965,9375000.321173808,inf,465.28769744908,3.814804415435938e-05,2.5314024102803923,384.1390914961978,-0.0001418183802375,57.17339918253965,1595.4783964756602,164.86390472884617,46.82311123370427,118.04079349514296,149326.01377844025,148.14959679039734,32.14421848977021,116.00537830062792,D:\OneDrive\OneDrive - WFT\Compartido\Well_Datasets\By_Equipment\fsf\trial_badan_shell_2021\raw\compressed\log2.csv
2021-07-06 00:00:00,317.37783467062354,0.039640148384473,55.68290870454957,6.883678206996084,0.6836535742975172,0.0,0.0,35.9147786613805,0.0,0.0,0.0,0.0,0.0,56.59376809183529,7687783.74628217,inf,392.199006311297,3.3588864477060084e-05,2.3413017042340125,363.31900363225145,-8.349843357937318e-06,56.59376809183529,1448.6378092879763,85.84954825414091,44.35126118089922,41.49828707324236,134817.82149185575,71.49298401437814,30.659477469451204,40.833506544927495,D:\OneDrive\OneDrive - WFT\Compartido\Well_Datasets\By_Equipment\fsf\trial_badan_shell_2021\raw\compressed\log2.csv
2021-07-06 01:00:00,317.431826365419,0.0396083215598554,55.68253910299941,6.881576204434299,0.6836402831469989,0.0,0.0,35.89843080940317,0.0,0.0,0.0,0.0,0.0,57.1163262823164,7689724.827783237,inf,392.2744157640866,3.359350100493436e-05,2.3415029864633423,363.1644588301585,-8.472518638546538e-06,57.1163262823164,1448.271817683897,85.77773554394074,44.32106980120755,41.45666574273384,134778.1329834469,71.43142161324253,30.6389129653582,40.79250864788493,D:\OneDrive\OneDrive - WFT\Compartido\Well_Datasets\By_Equipment\fsf\trial_badan_shell_2021\raw\compressed\log2.csv
2021-07-06 02:00:00,317.7062428276588,0.0397440445661516,55.69010711201217,6.888415787729798,0.6838747239779258,0.0,0.0,36.01851192430079,0.0,0.0,0.0,0.0,0.0,57.141277732444,7698119.724257976,inf,392.6444100373821,3.3616343189500653e-05,2.342471294452831,363.1954367088714,-9.095826320932896e-06,57.141277732444,1449.338374895365,86.08510732167437,44.31700292005587,41.76810440161924,134882.70845619077,71.73319913418733,30.63468595841676,41.09851317577119,D:\OneDrive\OneDrive - WFT\Compartido\Well_Datasets\By_Equipment\fsf\trial_badan_shell_2021\raw\compressed\log2.csv
2021-07-06 03:00:00,317.4138209493345,0.0396224005492318,55.680979494071934,6.881966821444757,0.6835329229273105,0.0,0.0,35.90463704000929,0.0,0.0,0.0,0.0,0.0,57.150925220409526,7689079.337741869,inf,392.24947144536975,3.359189266757933e-05,2.3414375479785843,363.2200091781711,-8.415205293123169e-06,57.150925220409526,1448.2551617944143,85.8434986351996,44.36337891958557,41.48011971561469,134784.71663567735,71.48359403701193,30.66791775628116,40.81567628073133,D:\OneDrive\OneDrive - WFT\Compartido\Well_Datasets\By_Equipment\fsf\trial_badan_shell_2021\raw\compressed\log2.csv
2021-07-06 04:00:00,317.432003482077,0.0396328640740428,55.68303125465824,6.884950811017238,0.6838299029555114,0.0,0.0,35.9000037034235,0.0,0.0,0.0,0.0,0.0,57.15586990486704,7689724.827609155,inf,392.2745209008672,3.359352721073535e-05,2.341502838649759,363.1701539052104,-8.477454199845644e-06,57.15586990486704,1449.1345782630997,85.72424482387578,44.28195977663108,41.4422850472454,134851.20563846093,71.39016922343728,30.611850704256906,40.77831851918096,D:\OneDrive\OneDrive - WFT\Compartido\Well_Datasets\By_Equipment\fsf\trial_badan_shell_2021\raw\compressed\log2.csv
2021-07-06 05:00:00,317.6864008756259,0.0397207330663979,55.68784363524292,6.88532337216397,0.6837033540130151,0.0,0.0,36.01914308395963,0.0,0.0,0.0,0.0,0.0,57.15901965083341,7697473.529529484,inf,392.6181265516564,3.361465168323489e-05,2.342404055998099,363.2306770181125,-9.033968710478693e-06,57.15901965083341,1448.5557742402127,86.1287352320756,44.34827422162561,41.78046101045072,134816.52230542622,71.76709421980664,30.65635390273071,41.11074031707653,D:\OneDrive\OneDrive - WFT\Compartido\Well_Datasets\By_Equipment\fsf\trial_badan_shell_2021\raw\compressed\log2.csv
2021-07-06 06:00:00,317.4331189062561,0.0396284236532906,55.68478008030631,6.882575556048135,0.6836107889822071,0.0,0.0,35.90172348169414,0.0,0.0,0.0,0.0,0.0,57.160759931087256,7689724.827948567,inf,392.27453061702255,3.3593568739335434e-05,2.341500023462036,363.17620649717566,-8.488375006600843e-06,57.160759931087256,1448.3677279434105,85.86078454415122,44.37732285266278,41.48346169148907,134793.8474525793,71.49659759665906,30.67768848688405,40.81890910977558,D:\OneDrive\OneDrive - WFT\Compartido\Well_Datasets\By_Equipment\fsf\trial_badan_shell_2021\raw\compressed\log2.csv
2021-07-06 07:00:00,317.4606705379952,0.0396435156902861,55.6834002720266,6.88531165638144,0.6838913995541138,0.0,0.0,35.92981535395942,0.0,0.0,0.0,0.0,0.0,57.16217755992636,7690370.426345751,inf,392.3123183925737,3.359581970157847e-05,2.341600907080618,363.2439250508269,-8.533613979694344e-06,57.16217755992636,1449.1318192820493,85.77834431511246,44.27259548173871,41.50574883337445,134854.72699621844,71.44553504256983,30.604729865425902,40.84080517714454,D:\OneDrive\OneDrive - WFT\Compartido\Well_Datasets\By_Equipment\fsf\trial_badan_shell_2021\raw\compressed\log2.csv
2021-07-06 08:00:00,317.6962889571232,0.0397204747717426,55.68741968357951,6.886197738602532,0.6837083860462599,0.0,0.0,35.99341126147673,0.0,0.0,0.0,0.0,0.0,57.16308136399841,7698119.724174197,inf,392.6330360801262,3.361557885341542e-05,2.342445248863157,363.11038091985967,-9.059317576259084e-06,57.16308136399841,1448.8705584714728,86.0567460142554,44.33961605727978,41.71712995697632,134840.0305095889,71.69921377129806,30.650845393698965,41.04836837759969,D:\OneDrive\OneDrive - WFT\Compartido\Well_Datasets\By_Equipment\fsf\trial_badan_shell_2021\raw\compressed\log2.csv
2021-07-06 09:00:00,317.4517368542441,0.0396235754773737,55.68323142919897,6.882050699021106,0.6835925612717698,0.0,0.0,35.900007105364004,0.0,0.0,0.0,0.0,0.0,57.16385370883175,7690370.426529303,inf,392.30102168794593,3.3595143421336425e-05,2.3415721419229403,363.13880292397874,-8.518297505668915e-06,57.16385370883175,1448.252806799033,85.85745404216219,44.37532575525312,41.48212828690968,134783.0204949019,71.4939801297626,30.676382666202212,40.81759746356096,D:\OneDrive\OneDrive - WFT\Compartido\Well_Datasets\By_Equipment\fsf\trial_badan_shell_2021\raw\compressed\log2.csv
2021-07-06 10:00:00,317.4697970351684,0.0397023934804801,55.68832446524044,6.888164814040157,0.6839224049328393,0.0,0.0,35.96763282838643,0.0,0.0,0.0,0.0,0.0,57.1645748994486,7690370.42649682,inf,392.321731973791,3.359654550684316e-05,2.3416202177500707,363.3791732280327,-8.580709109288308e-06,57.1645748994486,1449.6082610882763,85.88553400938292,44.27091524427424,41.61461876510938,134898.96631647763,71.55091628469586,30.60325719306091,40.94765909163556,D:\OneDrive\OneDrive - WFT\Compartido\Well_Datasets\By_Equipment\fsf\trial_badan_shell_2021\raw\compressed\log2.csv
2021-07-06 11:00:00,317.4618109237076,0.0396808300280411,55.68822242769112,6.885424381487901,0.6837667673145871,0.0,0.0,35.96217250727737,0.0,0.0,0.0,0.0,0.0,57.16500474545807,7690370.42669379,inf,392.3110341257571,3.359589068955016e-05,2.341591645560383,363.3698145871524,-8.563606035625926e-06,57.16500474545807,1448.855567785434,85.95997050103172,44.34462767969925,41.61534282133314,134838.05191392062,71.603009619807,30.654527286935597,40.94848233287199,D:\OneDrive\OneDrive - WFT\Compartido\Well_Datasets\By_Equipment\fsf\trial_badan_shell_2021\raw\compressed\log2.csv
2021-07-06 12:00:00,317.6772738878125,0.0396028848162356,55.67597363150427,6.88002782250549,0.6834957020749707,0.0,0.0,35.894691312164255,0.0,0.0,0.0,0.0,0.0,57.16557118095633,7698119.723803765,inf,392.61441205068655,3.36140974399759e-05,2.3424101285141927,362.7491435896537,-8.955048826788668e-06,57.16557118095633,1447.8468848383543,85.82065056212572,44.35217642654216,41.4684741355842,134744.97546685717,71.4645397596715,30.66037551011961,40.80416424955247,D:\OneDrive\OneDrive - WFT\Compartido\Well_Datasets\By_Equipment\fsf\trial_badan_shell_2021\raw\compressed\log2.csv
2021-07-06 13:00:00,317.4598010258732,0.0397465205041973,55.69460898863322,6.890020333019085,0.6839627546538827,0.0,0.0,36.002061342653704,0.0,0.0,0.0,0.0,0.0,57.16582553958542,7689724.828145987,inf,392.3043720386204,3.359568172728014e-05,2.3415668766793307,363.532108695886,-8.598196291166531e-06,57.16582553958542,1449.8293260688624,86.01003469702684,44.29380192840026,41.71623276862733,134921.87071342787,71.66630543023491,30.61884515620892,41.047460274026605,D:\OneDrive\OneDrive - WFT\Compartido\Well_Datasets\By_Equipment\fsf\trial_badan_shell_2021\raw\compressed\log2.csv
2021-07-06 14:00:00,317.4340548161032,0.0396338215888178,55.68254821524671,6.882751737312153,0.6836462468426837,0.0,0.0,35.92627017339412,0.0,0.0,0.0,0.0,0.0,57.1664074350023,7689724.828020058,inf,392.2760244323978,3.3593560779326575e-05,2.3415054107913065,363.2731500986939,-8.467552451908758e-06,57.1664074350023,1448.3724250603027,85.88215947900493,44.358131643835854,41.52402783516976,134795.87659827407,71.52293128457093,30.664073495994764,40.85885778857674,D:\OneDrive\OneDrive - WFT\Compartido\Well_Datasets\By_Equipment\fsf\trial_badan_shell_2021\raw\compressed\log2.csv
2021-07-06 15:00:00,317.65804897852775,0.0396077987767983,55.678223895577005,6.881428822446012,0.6836063170204022,0.0,0.0,35.89580516626716,0.0,0.0,0.0,0.0,0.0,57.16692389723609,7697473.528767007,inf,392.5873561889116,3.361252882297824e-05,2.3423363956879464,362.7841065069583,-8.932525831931713e-06,57.16692389723609,1448.2647825259835,85.76081233093349,44.31020937182804,41.45060295910613,134776.18019044815,71.41794905691367,30.631415990471293,40.78653306644297,D:\OneDrive\OneDrive - WFT\Compartido\Well_Datasets\By_Equipment\fsf\trial_badan_shell_2021\raw\compressed\log2.csv
2021-07-06 16:00:00,317.46074255784595,0.0397426553868366,55.694040571684766,6.888393885889722,0.6838922253331137,0.0,0.0,36.02103406829425,0.0,0.0,0.0,0.0,0.0,57.16717926285292,7689724.828401967,inf,392.3052216455193,3.35956954398526e-05,2.341568864820293,363.60683177862535,-8.591162737159426e-06,57.16717926285292,1449.3086101207923,86.10066122038812,44.32787625979423,41.77278496059461,134881.36031292874,71.74536816073797,30.64222705253794,41.10314110820063,D:\OneDrive\OneDrive - WFT\Compartido\Well_Datasets\By_Equipment\fsf\trial_badan_shell_2021\raw\compressed\log2.csv
2021-07-06 17:00:00,317.490101295569,0.0396285276772188,55.6808666712074,6.88246701251099,0.6835671747258418,0.0,0.0,35.90678344878333,0.0,0.0,0.0,0.0,0.0,57.16745191915638,7691661.948914106,inf,392.354274997679,3.359830895616129e-05,2.341715102632909,363.10380718833153,-8.57983979194982e-06,57.16745191915638,1448.368835017052,85.84409788820072,44.35837142893608,41.4857264592653,134794.2337363148,71.48557093841009,30.6644073603029,40.821163578107736,D:\OneDrive\OneDrive - WFT\Compartido\Well_Datasets\By_Equipment\fsf\trial_badan_shell_2021\raw\compressed\log2.csv
2021-07-06 18:00:00,317.4510359656755,0.0396299872653008,55.68281943365032,6.884473011448772,0.6838013590156201,0.0,0.0,35.90053184892122,0.0,0.0,0.0,0.0,0.0,57.16792607828872,7690370.42621322,inf,392.3007578632219,3.359512715172914e-05,2.341572523590037,363.1411429270776,-8.51705836731062e-06,57.16792607828872,1449.0091782266893,85.73371788052027,44.28736884865264,41.44634903186832,134840.5111226181,71.39791482039361,30.615596627326955,40.78231819306726,D:\OneDrive\OneDrive - WFT\Compartido\Well_Datasets\By_Equipment\fsf\trial_badan_shell_2021\raw\compressed\log2.csv
2021-07-06 19:00:00,317.59399709071914,0.0397357531850481,55.69185411794279,6.886855973744927,0.6838064321438092,0.0,0.0,36.025109660389,0.0,0.0,0.0,0.0,0.0,57.16808950690229,7694246.296160368,inf,392.4892113912397,3.3606889960483654e-05,2.342058287035133,363.4053002968794,-8.862850007438824e-06,57.16808950690229,1448.8942604213996,86.1374962983675,44.34408681229762,41.793409486070615,134846.10480319842,71.77683459338299,30.653403565212432,41.12343102817116,D:\OneDrive\OneDrive - WFT\Compartido\Well_Datasets\By_Equipment\fsf\trial_badan_shell_2021\raw\compressed\log2.csv
2021-07-06 20:00:00,317.4710511494325,0.0396268299816959,55.68155986831478,6.882339980452173,0.6835583675956381,0.0,0.0,35.90585355966336,0.0,0.0,0.0,0.0,0.0,57.16812633749085,7691016.133483843,inf,392.3278299855865,3.359671409460335e-05,2.3416443763222534,363.1311656723116,-8.544163588453135e-06,57.16812633749085,1448.342234879256,85.84247433375452,44.358895201039005,41.483579132716166,134791.63418520734,71.48383857384802,30.66479055292044,40.819048020928136,D:\OneDrive\OneDrive - WFT\Compartido\Well_Datasets\By_Equipment\fsf\trial_badan_shell_2021\raw\compressed\log2.csv
2021-07-06 21:00:00,317.45105705340785,0.0396345804007219,55.68269065285357,6.885084758656984,0.6838394627444422,0.0,0.0,35.900687558393976,0.0,0.0,0.0,0.0,0.0,57.16833941775112,7690370.426186322,inf,392.3008277657111,3.3595126458796e-05,2.341572835113908,363.14175993361374,-8.516042638940458e-06,57.16833941775112,1449.1626413612132,85.72594797854418,44.28170841583759,41.44423956270729,134853.7940430444,71.3919026245852,30.611663436671428,40.78023918791437,D:\OneDrive\OneDrive - WFT\Compartido\Well_Datasets\By_Equipment\fsf\trial_badan_shell_2021\raw\compressed\log2.csv
2021-07-06 22:00:00,317.6864008756259,0.0397207330663979,55.68784363524292,6.88532337216397,0.6837033540130151,0.0,0.0,36.01914308395963,0.0,0.0,0.0,0.0,0.0,57.1685130604082,7697473.529529484,inf,392.6181265516564,3.361465168323489e-05,2.342404055998099,363.2306770181125,-9.033968710478693e-06,57.1685130604082,1448.5557742402127,86.1287352320756,44.34827422162561,41.78046101045072,134816.52230542622,71.76709421980664,30.65635390273071,41.11074031707653,D:\OneDrive\OneDrive - WFT\Compartido\Well_Datasets\By_Equipment\fsf\trial_badan_shell_2021\raw\compressed\log2.csv
2021-07-06 23:00:00,317.47127111259965,0.0396291433002517,55.6839075410679,6.8825310907054895,0.6835930196524811,0.0,0.0,35.903327555985776,0.0,0.0,0.0,0.0,0.0,57.16849481421926,7691016.133513217,inf,392.32726081943815,3.3596766841809224e-05,2.3416405107767204,363.1203378164096,-8.564098371354294e-06,57.16849481421926,1448.3598847216651,85.85916626433081,44.37296397939226,41.48620228493918,134793.1399547012,71.49622309047488,30.67462175477063,40.82160133570483,D:\OneDrive\OneDrive - WFT\Compartido\Well_Datasets\By_Equipment\fsf\trial_badan_shell_2021\raw\compressed\log2.csv
2021-07-06 23:00:00,90.1890119,0.03505942,60.93157573,7.132218279,0.787299773,0.0,0.0,26.34197354,0.0,0.0,0.0,0.0,0.0,57.1675604741745,0.187645939092943,1.47561796816887,78.2018537161987,1.45473450279e-05,1.50469435190634,695.880154270262,0.0004420616984814,57.1675604741745,1493.9402374584574,93.97529401107744,69.22034692854625,24.7549470825312,138683.48853640034,72.559715321304,48.17588117589504,24.38383414540896,D:\OneDrive\OneDrive - WFT\Compartido\Well_Datasets\By_Equipment\fsf\trial_badan_shell_2021\raw\compressed\log3.csv
2021-07-07 00:00:00,317.57287248899127,0.0396429416684585,55.68041286899864,6.885511204675205,0.6838478496443553,0.0,0.0,35.91315960412269,0.0,0.0,0.0,0.0,0.0,57.24427227173943,7694246.295291707,inf,392.4685204057041,3.360530362886453e-05,2.3420185658694948,362.9934031486419,-8.758148918238421e-06,57.24427227173943,1449.2499894529349,85.73258564783318,44.26487640876481,41.46770923906905,134862.60244591747,71.40297859079662,30.599650971324785,40.80332761947245,D:\OneDrive\OneDrive - WFT\Compartido\Well_Datasets\By_Equipment\fsf\trial_badan_shell_2021\raw\compressed\log3.csv
2021-07-07 01:00:00,317.5826734339496,0.0396621421983773,55.684860422403865,6.883819720019853,0.6837381953023097,0.0,0.0,35.96267133101459,0.0,0.0,0.0,0.0,0.0,57.17808934394596,7694278.575304573,inf,392.4783370157448,3.360601774888154e-05,2.342038010600302,363.1755220827482,-8.800686365037773e-06,57.17808934394596,1448.494402450087,85.95807410118256,44.33730317796763,41.62077092321559,134806.3533563888,71.60317387773762,30.64925856101137,40.95391531672683,D:\OneDrive\OneDrive - WFT\Compartido\Well_Datasets\By_Equipment\fsf\trial_badan_shell_2021\raw\compressed\log3.csv
2021-07-07 02:00:00,317.4445932187946,0.0397274577960039,55.69250948347372,6.887397695087842,0.6837833459793526,0.0,0.0,35.99014958300293,0.0,0.0,0.0,0.0,0.0,57.137256794947135,7689724.828228222,inf,392.2849731463792,3.359443192392967e-05,2.341518237483868,363.5085505571621,-8.552336006892925e-06,57.137256794947135,1449.1615464849729,86.04759185342066,44.34299706400874,41.704594789412624,134865.7888569452,71.68928002802542,30.6532578468936,41.03602218113242,D:\OneDrive\OneDrive - WFT\Compartido\Well_Datasets\By_Equipment\fsf\trial_badan_shell_2021\raw\compressed\log3.csv
2021-07-07 03:00:00,317.4515029446177,0.0396176711431448,55.68237547156065,6.881561321839426,0.6835801466782849,0.0,0.0,35.89917865408703,0.0,0.0,0.0,0.0,0.0,57.14704404668637,7690370.426516366,inf,392.3011262062233,3.359512092453691e-05,2.3415734269811246,363.13593436184846,-8.511581698967102e-06,57.14704404668637,1448.156921429759,85.8471742543247,44.36858552980242,41.4785887245229,134773.95221783535,71.48583787866271,30.6717231786071,40.81411470005617,D:\OneDrive\OneDrive - WFT\Compartido\Well_Datasets\By_Equipment\fsf\trial_badan_shell_2021\raw\compressed\log3.csv
2021-07-07 04:00:00,317.4707851112712,0.0397275170146082,55.69080641084955,6.889417302883495,0.6839370303930024,0.0,0.0,35.980577697586334,0.0,0.0,0.0,0.0,0.0,57.15294359008566,7690370.426558261,inf,392.3217250479782,3.359662569931926e-05,2.3416174999830504,363.4287443198688,-8.598735561675615e-06,57.15294359008566,1449.8172536914378,85.93275801266829,44.27636570870397,41.65639230396504,134918.3069733577,71.59561184983583,30.60696151443849,40.98865033539796,D:\OneDrive\OneDrive - WFT\Compartido\Well_Datasets\By_Equipment\fsf\trial_badan_shell_2021\raw\compressed\log3.csv
2021-07-07 05:00:00,317.47998902922006,0.0396606647659108,55.68619705144157,6.884485597892643,0.6837543531035304,0.0,0.0,35.95055192567345,0.0,0.0,0.0,0.0,0.0,57.15669709929749,7691016.133642851,inf,392.3371507704784,3.3597425793844414e-05,2.3416629482761278,363.2940978430176,-8.590441381258586e-06,57.15669709929749,1448.6979845817714,85.92547730321368,44.3462771707962,41.579200132418144,134823.74274763244,71.56876397270119,30.65573460395677,40.91302936874498,D:\OneDrive\OneDrive - WFT\Compartido\Well_Datasets\By_Equipment\fsf\trial_badan_shell_2021\raw\compressed\log3.csv
2021-07-07 06:00:00,317.6962367551442,0.039599665888926,55.67538589669625,6.879696877859827,0.6834808775569685,0.0,0.0,35.894707216933135,0.0,0.0,0.0,0.0,0.0,57.15923479923613,7698766.027181925,inf,392.64073411314007,3.361568975644394e-05,2.3424804807322763,362.7182472774239,-8.991804559872907e-06,57.15923479923613,1447.7765594684054,85.81709116102395,44.34874352293025,41.46834763809436,134738.4538144957,71.46202715973776,30.657989962780974,40.80403719695739,D:\OneDrive\OneDrive - WFT\Compartido\Well_Datasets\By_Equipment\fsf\trial_badan_shell_2021\raw\compressed\log3.csv
2021-07-07 07:00:00,317.4788526800748,0.0397469842405338,55.69425708119461,6.889958222606947,0.6839552086363908,0.0,0.0,36.002564247222814,0.0,0.0,0.0,0.0,0.0,57.16127217588074,7690370.426733518,inf,392.3306820047617,3.359728078814299e-05,2.341636895040091,363.5030081343739,-8.636700615322233e-06,57.16127217588074,1449.8073255540633,86.0147602445085,44.29577409961725,41.71898614489201,134920.22190772582,71.67037036464924,30.620202049891876,41.050168314758,D:\OneDrive\OneDrive - WFT\Compartido\Well_Datasets\By_Equipment\fsf\trial_badan_shell_2021\raw\compressed\log3.csv
2021-07-07 08:00:00,317.4530303470692,0.0396351720860548,55.68250979788505,6.882860237641707,0.6836523482798295,0.0,0.0,35.92694917449338,0.0,0.0,0.0,0.0,0.0,57.16298895567838,7690370.426591719,inf,392.3021360673402,3.35951600146801e-05,2.341574608952837,363.2447537212461,-8.508593345130008e-06,57.16298895567838,1448.3982046382084,85.88151179988778,44.35618533789567,41.52532646199278,134797.8291719473,71.52286019637991,30.66273228729656,40.86012790908392,D:\OneDrive\OneDrive - WFT\Compartido\Well_Datasets\By_Equipment\fsf\trial_badan_shell_2021\raw\compressed\log3.csv
2021-07-07 09:00:00,317.4508032276174,0.0396096879733858,55.68237227409278,6.881678792684439,0.683644450065322,0.0,0.0,35.89911164346659,0.0,0.0,0.0,0.0,0.0,57.164447060478665,7690370.426357138,inf,392.3005803389601,3.359509876504994e-05,2.341572456462516,363.1360920882896,-8.512490919015799e-06,57.164447060478665,1448.2951607046264,85.77780536644329,44.31964092621861,41.45816444022534,134779.98766369122,71.43190345771151,30.637925565982,40.7939778917301,D:\OneDrive\OneDrive - WFT\Compartido\Well_Datasets\By_Equipment\fsf\trial_badan_shell_2021\raw\compressed\log3.csv
2021-07-07 10:00:00,317.7062428276588,0.0397440445661516,55.69010711201217,6.888415787729798,0.6838747239779258,0.0,0.0,36.01851192430079,0.0,0.0,0.0,0.0,0.0,57.16552801547021,7698119.724257976,inf,392.6444100373821,3.3616343189500653e-05,2.342471294452831,363.1954367088714,-9.095826320932896e-06,57.16552801547021,1449.338374895365,86.08510732167437,44.31700292005587,41.76810440161924,134882.70845619077,71.73319913418733,30.63468595841676,41.09851317577119,D:\OneDrive\OneDrive - WFT\Compartido\Well_Datasets\By_Equipment\fsf\trial_badan_shell_2021\raw\compressed\log3.csv
2021-07-07 11:00:00,317.4138209493345,0.0396224005492318,55.680979494071934,6.881966821444757,0.6835329229273105,0.0,0.0,35.90463704000929,0.0,0.0,0.0,0.0,0.0,57.16647400161716,7689079.337741869,inf,392.24947144536975,3.359189266757933e-05,2.3414375479785843,363.2200091781711,-8.415205293123169e-06,57.16647400161716,1448.2551617944143,85.8434986351996,44.36337891958557,41.48011971561469,134784.71663567735,71.48359403701193,30.66791775628116,40.81567628073133,D:\OneDrive\OneDrive - WFT\Compartido\Well_Datasets\By_Equipment\fsf\trial_badan_shell_2021\raw\compressed\log3.csv
2021-07-07 12:00:00,317.64508844665863,0.0396302265141009,55.67859848617584,6.884551012979044,0.683782973912712,0.0,0.0,35.896393312123614,0.0,0.0,0.0,0.0,0.0,57.167125732259365,7696827.442213021,inf,392.5694494977808,3.361144691711516e-05,2.342288680865407,362.80745668660455,-8.906810652844403e-06,57.167125732259365,1449.0614731333126,85.71246305403152,44.27638396637335,41.43607908765887,134844.01423192566,71.38021564058906,30.60800194282166,40.77221369776798,D:\OneDrive\OneDrive - WFT\Compartido\Well_Datasets\By_Equipment\fsf\trial_badan_shell_2021\raw\compressed\log3.csv
2021-07-07 13:00:00,317.43537091584926,0.0397228869949633,55.69337665416511,6.885844241578726,0.6837671166787584,0.0,0.0,36.021707905766895,0.0,0.0,0.0,0.0,0.0,57.16775288171276,7689079.338323792,inf,392.27057602724153,3.359354648354718e-05,2.341477666462536,363.6511997759294,-8.530560880859758e-06,57.16775288171276,1448.6640976956178,86.13599145989483,44.35335330513106,41.78263815476449,134826.5889249353,71.77275206733466,30.659870089748622,41.11288197758664,D:\OneDrive\OneDrive - WFT\Compartido\Well_Datasets\By_Equipment\fsf\trial_badan_shell_2021\raw\compressed\log3.csv
2021-07-07 14:00:00,317.41387196353406,0.0396277758137327,55.68501024943832,6.882512687161031,0.6836201181830815,0.0,0.0,35.90037875241758,0.0,0.0,0.0,0.0,0.0,57.16812936394968,7689079.337772831,inf,392.24808206583566,3.359195894092881e-05,2.3414298644419183,363.2022098553396,-8.448995869385338e-06,57.16812936394968,1448.3421264909362,85.86786986898274,44.38443903623227,41.4834308327511,134791.90413357105,71.501554259402,30.682670130928464,40.818884128474096,D:\OneDrive\OneDrive - WFT\Compartido\Well_Datasets\By_Equipment\fsf\trial_badan_shell_2021\raw\compressed\log3.csv
2021-07-07 15:00:00,317.69390853372323,0.0396489870330757,55.6793250814749,6.885066748780836,0.6838345932526906,0.0,0.0,35.93811154175375,0.0,0.0,0.0,0.0,0.0,57.168389765833375,7698119.723703692,inf,392.6343868211648,3.361540476393251e-05,2.342457894589417,362.8959603345623,-9.006757312937185e-06,57.168389765833375,1449.0515575945983,85.79236931472737,44.26374179177823,41.52862752294984,134847.75646802745,71.46175198354656,30.59845995944228,40.863292024104894,D:\OneDrive\OneDrive - WFT\Compartido\Well_Datasets\By_Equipment\fsf\trial_badan_shell_2021\raw\compressed\log3.csv
2021-07-07 16:00:00,317.4063954439644,0.03972345977304,55.69287645324484,6.88752489387925,0.683804649710093,0.0,0.0,35.985471794143095,0.0,0.0,0.0,0.0,0.0,57.16879045799545,7688433.956174535,inf,392.2323982754799,3.3591225265158703e-05,2.3413785915466354,363.552435414053,-8.473159050525907e-06,57.16879045799545,1449.2168595570138,86.03207834524152,44.343469844812205,41.68860850043004,134870.56694401553,71.67395144506393,30.65361741920752,41.02033402585701,D:\OneDrive\OneDrive - WFT\Compartido\Well_Datasets\By_Equipment\fsf\trial_badan_shell_2021\raw\compressed\log3.csv
2021-07-07 17:00:00,317.63936964043745,0.039607064336159,55.67707106250956,6.880543177895283,0.6835213563353241,0.0,0.0,35.894235128721725,0.0,0.0,0.0,0.0,0.0,57.16916846045536,7696827.442522377,inf,392.5618219478168,3.361091310506008e-05,2.3422696441334283,362.8092618749788,-8.880954360689354e-06,57.16916846045536,1447.9645064988374,85.82124582765978,44.35486106624104,41.46638476141938,134755.64466073766,71.46435400406439,30.66224248545596,40.80211151860901,D:\OneDrive\OneDrive - WFT\Compartido\Well_Datasets\By_Equipment\fsf\trial_badan_shell_2021\raw\compressed\log3.csv
2021-07-07 18:00:00,317.4031809371541,0.0397459826619386,55.69608988532681,6.890039969469604,0.6839872302543895,0.0,0.0,36.00590833072102,0.0,0.0,0.0,0.0,0.0,57.16943163604574,7687788.682644338,inf,392.22579930006685,3.3590916471787554e-05,2.3413570659479537,363.6399918178248,-8.485916514146878e-06,57.16943163604574,1449.8227951358526,86.01704592915532,44.29437471351127,41.722671215644816,134921.49210266542,71.67300641176251,30.619203768788303,41.05380264297483,D:\OneDrive\OneDrive - WFT\Compartido\Well_Datasets\By_Equipment\fsf\trial_badan_shell_2021\raw\compressed\log3.csv
2021-07-07 19:00:00,317.43365810698964,0.0396313223576224,55.68149815322859,6.882584184964857,0.6836198579576098,0.0,0.0,35.92055270474485,0.0,0.0,0.0,0.0,0.0,57.16976703665306,7689724.827998406,inf,392.276055644457,3.359352839610948e-05,2.3415067939307983,363.2511248100138,-8.459288351159392e-06,57.16976703665306,1448.348989174179,85.8730257564173,44.3604319167384,41.512593839679575,134794.01370469586,71.51332217642249,30.665704182278017,40.84761799414505,D:\OneDrive\OneDrive - WFT\Compartido\Well_Datasets\By_Equipment\fsf\trial_badan_shell_2021\raw\compressed\log3.csv
2021-07-07 20:00:00,317.6390171562273,0.0396122149419169,55.67886976712932,6.882143082495748,0.683639385429583,0.0,0.0,35.89558319620788,0.0,0.0,0.0,0.0,0.0,57.17008638007732,7696827.442321717,inf,392.5609414471728,3.361093375455575e-05,2.3422657842959484,362.8142518531108,-8.896460250642203e-06,57.17008638007732,1448.455245291132,85.74455324616073,44.29982427263765,41.444728973523766,134792.13667407184,71.40499053599896,30.624248758594074,40.780741777405474,D:\OneDrive\OneDrive - WFT\Compartido\Well_Datasets\By_Equipment\fsf\trial_badan_shell_2021\raw\compressed\log3.csv
2021-07-07 21:00:00,317.4796052280985,0.0397377453262529,55.69322096206356,6.8876349789249725,0.6838513836298421,0.0,0.0,36.021738470581056,0.0,0.0,0.0,0.0,0.0,57.17023196298639,7690370.427020418,inf,392.331534250141,3.3597279562102014e-05,2.341639442611269,363.57879011651545,-8.62570446070925e-06,57.17023196298639,1449.1119234889782,86.11419951535028,44.33588352963997,41.77831598571104,134864.48320716724,71.7563698972273,30.64777410855446,41.10859578867345,D:\OneDrive\OneDrive - WFT\Compartido\Well_Datasets\By_Equipment\fsf\trial_badan_shell_2021\raw\compressed\log3.csv
2021-07-07 22:00:00,317.43295446539804,0.0396238990296338,55.68243888292972,6.882105227411716,0.6835409605775731,0.0,0.0,35.90432515095287,0.0,0.0,0.0,0.0,0.0,57.170263347233934,7689724.827928692,inf,392.2751458506512,3.3593518394810736e-05,2.3415039931466164,363.1872741613664,-8.468675637368156e-06,57.170263347233934,1448.2867176936402,85.84359917626806,44.36279524651363,41.48080392975507,134786.76328842403,71.48384822065614,30.66752657297937,40.81632164767733,D:\OneDrive\OneDrive - WFT\Compartido\Well_Datasets\By_Equipment\fsf\trial_badan_shell_2021\raw\compressed\log3.csv
2021-07-07 23:00:00,317.56610027427246,0.0397043510389832,55.68790678804733,6.886972555541602,0.6839024063634765,0.0,0.0,35.98428818757433,0.0,0.0,0.0,0.0,0.0,57.17020169339654,7693628.894417345,inf,392.4542009293988,3.3604646660692576e-05,2.3419713109754627,363.28740874311495,-8.784585599040124e-06,57.17020169339654,1449.2002468640458,85.96684165766136,44.29728079785509,41.669560859806914,134864.81759501537,71.62321452732603,30.62154679566324,41.00166773166336,D:\OneDrive\OneDrive - WFT\Compartido\Well_Datasets\By_Equipment\fsf\trial_badan_shell_2021\raw\compressed\log3.csv
2021-07-07 23:00:00,322.8532545833084,0.0366415267368421,55.26167308612783,6.796273525402253,0.6805615413834584,0.0,0.0,32.330815369398486,0.0,0.0,0.0,0.0,0.0,57.16999271198501,7894737.000351104,inf,400.0054711743733,3.405483518492106e-05,2.3625012498506304,340.0889221596668,-1.78798495852857e-05,57.16999271198501,1446.112295283642,75.18047517787046,43.30641785519546,31.874057322674823,134261.89503695778,61.343987877564736,29.96809882154991,31.37588905601475,D:\OneDrive\OneDrive - WFT\Compartido\Well_Datasets\By_Equipment\fsf\trial_badan_shell_2021\raw\compressed\log4.csv
2021-07-08 00:00:00,317.34162238999505,0.0397280997687525,55.69451144409147,6.886232136247322,0.6837734909398612,0.0,0.0,36.02375013923067,0.0,0.0,0.0,0.0,0.0,57.48815891089555,7685846.464182491,inf,392.1414246626885,3.358567703040125e-05,2.3411347964039235,363.81204899782256,-8.335829530537254e-06,57.48815891089555,1448.7415987348054,86.14279288997062,44.35484102674284,41.78795186322851,134833.3155947229,71.77909751742352,30.661005428520586,41.11809208890354,D:\OneDrive\OneDrive - WFT\Compartido\Well_Datasets\By_Equipment\fsf\trial_badan_shell_2021\raw\compressed\log4.csv
2021-07-08 01:00:00,317.6781140646005,0.039625750703744,55.67978938364245,6.882092986706378,0.6835423246051083,0.0,0.0,35.90034299196697,0.0,0.0,0.0,0.0,0.0,57.2049121678738,7698119.723812916,inf,392.61340375842207,3.361415732817251e-05,2.3424026532153124,362.77038269619976,-8.983083264205013e-06,57.2049121678738,1448.2851697336334,85.84272712032863,44.363550995367184,41.47917612496208,134785.51951953088,71.4827797825526,30.668092675782315,40.81468710677085,D:\OneDrive\OneDrive - WFT\Compartido\Well_Datasets\By_Equipment\fsf\trial_badan_shell_2021\raw\compressed\log4.csv
2021-07-08 02:00:00,317.4219436427114,0.0396419464381766,55.68426077116082,6.885441606703628,0.6839126001566398,0.0,0.0,35.92171031730972,0.0,0.0,0.0,0.0,0.0,57.19041344829565,7689079.337541161,inf,392.2590451414379,3.359259411367429e-05,2.3414592603502244,363.2745643383794,-8.457811166092813e-06,57.19041344829565,1449.1775982004967,85.76855693497527,44.27923060254064,41.48932633243529,134858.2222743509,71.43410877169472,30.6094714268999,40.82463734479544,D:\OneDrive\OneDrive - WFT\Compartido\Well_Datasets\By_Equipment\fsf\trial_badan_shell_2021\raw\compressed\log4.csv
2021-07-08 03:00:00,317.67775962551764,0.0397194886723746,55.68786743346,6.885952045979297,0.6837121804762905,0.0,0.0,35.998631496858124,0.0,0.0,0.0,0.0,0.0,57.18517843738783,7697473.5293489,inf,392.6071825167839,3.3614005514266426e-05,2.3423760896204397,363.16169918018426,-9.02150893934711e-06,57.18517843738783,1448.788388645621,86.07284816143492,44.34264313684543,41.7302050245902,134833.57846738215,71.71411986912503,30.65287015233657,41.06124971678906,D:\OneDrive\OneDrive - WFT\Compartido\Well_Datasets\By_Equipment\fsf\trial_badan_shell_2021\raw\compressed\log4.csv
2021-07-08 04:00:00,317.39466944665867,0.039623122003609,55.68399607811724,6.882292186722378,0.6836172472642312,0.0,0.0,35.89844151485989,0.0,0.0,0.0,0.0,0.0,57.18227497299933,7688433.955898917,inf,392.2222957039902,3.359034721379634e-05,2.3413628933704387,363.22584908275616,-8.40042841311432e-06,57.18227497299933,1448.3282476843594,85.84527175540751,44.37075067632405,41.47452107908408,134789.2889816974,71.48335170225192,30.673234276130973,40.81011742612152,D:\OneDrive\OneDrive - WFT\Compartido\Well_Datasets\By_Equipment\fsf\trial_badan_shell_2021\raw\compressed\log4.csv
2021-07-08 05:00:00,317.45173419658005,0.0397267912953323,55.69101511920911,6.889445688617639,0.6839435005986443,0.0,0.0,35.979968079775084,0.0,0.0,0.0,0.0,0.0,57.18073443040075,7689724.827971121,inf,392.2954711615227,3.359502480094782e-05,2.3415477806760814,363.45745383528265,-8.559102714009169e-06,57.18073443040075,1449.8313404636413,85.92812331783178,44.27448728876515,41.65363602906734,134919.36250716462,71.59160850681334,30.6056684277828,40.98594007903116,D:\OneDrive\OneDrive - WFT\Compartido\Well_Datasets\By_Equipment\fsf\trial_badan_shell_2021\raw\compressed\log4.csv
2021-07-08 06:00:00,317.6868596402318,0.0396560433564471,55.681740737541055,6.883809035007839,0.6836931685010114,0.0,0.0,35.94681690542233,0.0,0.0,0.0,0.0,0.0,57.17896094765971,7698119.723969668,inf,392.62351988939264,3.361481926251981e-05,2.342426117131345,362.9411199195124,-9.00716969771028e-06,57.17896094765971,1448.552668394604,85.91901743939349,44.34461469235712,41.57440274703704,134810.55000121897,71.56290379691663,30.65458965178928,40.90831414512792,D:\OneDrive\OneDrive - WFT\Compartido\Well_Datasets\By_Equipment\fsf\trial_badan_shell_2021\raw\compressed\log4.csv
2021-07-08 07:00:00,317.3750627944902,0.0396017410167015,55.6823024402089,6.880765991599278,0.6835867066591735,0.0,0.0,35.89563968657831,0.0,0.0,0.0,0.0,0.0,57.17773068662631,7687788.682320968,inf,392.1963809533347,3.358870713668693e-05,2.3412964991492973,363.2465903692346,-8.346720278961913e-06,57.17773068662631,1448.0568370153123,85.79615702948956,44.33910620919039,41.45705082029981,134761.6015773542,71.44428837197111,30.65136643267991,40.79292193929178,D:\OneDrive\OneDrive - WFT\Compartido\Well_Datasets\By_Equipment\fsf\trial_badan_shell_2021\raw\compressed\log4.csv
2021-07-08 08:00:00,317.4616413837786,0.0397492520192241,55.69590499618024,6.889428809685053,0.6839708870078115,0.0,0.0,36.02122657611829,0.0,0.0,0.0,0.0,0.0,57.17664807517993,7689724.828337957,inf,392.3056339367964,3.35957867667183e-05,2.3415679470253514,363.60590703354063,-8.607828733477866e-06,57.17664807517993,1449.5778734150415,86.08138748120477,44.3143034245553,41.767084056650205,134903.46315290374,71.73031898377668,30.632819411032763,41.09749957274453,D:\OneDrive\OneDrive - WFT\Compartido\Well_Datasets\By_Equipment\fsf\trial_badan_shell_2021\raw\compressed\log4.csv
2021-07-08 09:00:00,317.63937342653355,0.0396188563893737,55.67566788989584,6.881375573806395,0.6834751910824283,0.0,0.0,35.901915939310115,0.0,0.0,0.0,0.0,0.0,57.17606580575161,7696827.442540675,inf,392.561875102783,3.3610850750216814e-05,2.3422705537901765,362.8405815813395,-8.865670915278719e-06,57.17606580575161,1448.1347211593122,85.83356718271718,44.35747997258842,41.47608721012942,134773.5807129104,71.47553866037856,30.663824658189828,40.81171400218929,D:\OneDrive\OneDrive - WFT\Compartido\Well_Datasets\By_Equipment\fsf\trial_badan_shell_2021\raw\compressed\log4.csv
2021-07-08 10:00:00,317.45102507171447,0.0396277687612289,55.68280301751901,6.884173600290852,0.6837840002941021,0.0,0.0,35.90045151910928,0.0,0.0,0.0,0.0,0.0,57.17590870153153,7690370.426227994,inf,392.300753671086,3.359512641187512e-05,2.3415725345383884,363.1408410842655,-8.51692983739757e-06,57.17590870153153,1448.933081704576,85.73815570070197,44.290602449754125,41.44755325094852,134834.03207150474,71.4013478426759,30.617842386308048,40.78350545636845,D:\OneDrive\OneDrive - WFT\Compartido\Well_Datasets\By_Equipment\fsf\trial_badan_shell_2021\raw\compressed\log4.csv
2021-07-08 11:00:00,317.46049855498666,0.0397270379396405,55.69185799440136,6.886271133516484,0.6837674831684897,0.0,0.0,36.02192538019233,0.0,0.0,0.0,0.0,0.0,57.17616437147698,7689724.828501922,inf,392.3058473164245,3.359565627381086e-05,2.341572851700988,363.6109976998368,-8.572996724771588e-06,57.17616437147698,1448.77310028149,86.12958195112861,44.34758365239005,41.7819982987393,134836.0461251789,71.76813281309259,30.65587844723641,41.11225436585677,D:\OneDrive\OneDrive - WFT\Compartido\Well_Datasets\By_Equipment\fsf\trial_badan_shell_2021\raw\compressed\log4.csv
2021-07-08 12:00:00,317.6400199910628,0.0396249457572602,55.68071638637392,6.882124057640034,0.6835606127293143,0.0,0.0,35.8987363951654,0.0,0.0,0.0,0.0,0.0,57.17602558469151,7696827.442542228,inf,392.5606964322061,3.3610961657263395e-05,2.3422621289322767,362.8261952856868,-8.907707924497297e-06,57.17602558469151,1448.2897307804565,85.84449712370039,44.36802391102532,41.47647321267571,134786.05547124983,71.48325386382304,30.67122255263172,40.81203131119188,D:\OneDrive\OneDrive - WFT\Compartido\Well_Datasets\By_Equipment\fsf\trial_badan_shell_2021\raw\compressed\log4.csv
2021-07-08 13:00:00,317.4640847068186,0.0396989869381128,55.6882611746914,6.887718338419544,0.6839222185645387,0.0,0.0,35.96590195181933,0.0,0.0,0.0,0.0,0.0,57.17583799156736,7690304.841622059,inf,392.3139806012299,3.359606924739081e-05,2.341599545333162,363.3813241006562,-8.568051201884238e-06,57.17583799156736,1449.4536265268898,85.91703418769241,44.30230459484199,41.61472959285109,134887.9172905552,71.57289822190722,30.62508141015565,40.94781681175216,D:\OneDrive\OneDrive - WFT\Compartido\Well_Datasets\By_Equipment\fsf\trial_badan_shell_2021\raw\compressed\log4.csv
2021-07-08 14:00:00,,,,,,,,,,,,,,,,,,,,,,,,,,,,,,,D:\OneDrive\OneDrive - WFT\Compartido\Well_Datasets\By_Equipment\fsf\trial_badan_shell_2021\raw\compressed\log4.csv
2021-07-08 15:00:00,,,,,,,,,,,,,,,,,,,,,,,,,,,,,,,D:\OneDrive\OneDrive - WFT\Compartido\Well_Datasets\By_Equipment\fsf\trial_badan_shell_2021\raw\compressed\log4.csv
2021-07-08 16:00:00,,,,,,,,,,,,,,,,,,,,,,,,,,,,,,,D:\OneDrive\OneDrive - WFT\Compartido\Well_Datasets\By_Equipment\fsf\trial_badan_shell_2021\raw\compressed\log4.csv
2021-07-08 17:00:00,317.6762158976294,0.039591168602752,55.670928518734925,6.879409185621371,0.6833267941507231,0.0,0.0,35.87768870886278,0.0,0.0,0.0,0.0,0.0,56.30048142945339,7698299.544328137,inf,392.6150911919207,3.3613956328108295e-05,2.342416887309487,362.6842124923481,-8.91404877115582e-06,56.30048142945339,1447.7477186586598,85.79429702638548,44.37494390870354,41.41935311768192,134740.35647776932,71.43212163830837,30.67609954635912,40.75602209194931,D:\OneDrive\OneDrive - WFT\Compartido\Well_Datasets\By_Equipment\fsf\trial_badan_shell_2021\raw\compressed\log4.csv
2021-07-08 18:00:00,317.60741772675823,0.0396284911209297,55.679376669792624,6.884381312168287,0.6837803162583963,0.0,0.0,35.897476950986125,0.0,0.0,0.0,0.0,0.0,57.09175500082174,7695535.59476166,inf,392.51720804338765,3.3608270007910264e-05,2.342149357279863,362.8736082554526,-8.830312740297675e-06,57.09175500082174,1449.01249662938,85.71897372568095,44.28011131416512,41.43886241151653,134840.35807200146,71.38549263124888,30.610529621290983,40.77496300995849,D:\OneDrive\OneDrive - WFT\Compartido\Well_Datasets\By_Equipment\fsf\trial_badan_shell_2021\raw\compressed\log4.csv
2021-07-08 19:00:00,317.3400939686878,0.0397226462784023,55.69560287378076,6.886262739812583,0.6838112253930231,0.0,0.0,36.01694643448574,0.0,0.0,0.0,0.0,0.0,57.13232277574346,7685853.51215763,inf,392.1388608759344,3.35855589059085e-05,2.3411266803984647,363.78760986021234,-8.341735084787694e-06,57.13232277574346,1448.7766640728585,86.12576491738493,44.35649586527185,41.769269052113785,134836.04914356294,71.76188878753875,30.662156557551768,41.09973222998758,D:\OneDrive\OneDrive - WFT\Compartido\Well_Datasets\By_Equipment\fsf\trial_badan_shell_2021\raw\compressed\log4.csv
2021-07-08 20:00:00,317.563301036909,0.0396182891260277,55.68011839582302,6.881833412147205,0.6835806707394739,0.0,0.0,35.89373728154646,0.0,0.0,0.0,0.0,0.0,57.14474483927038,7694244.181140754,inf,392.4559030503521,3.360452917091189e-05,2.3419857775523334,362.9314717689868,-8.738860896689487e-06,57.14474483927038,1448.2502494521707,85.82814181130854,44.36409940221736,41.4640424090918,134781.51961814665,71.468466673492,30.66865347037941,40.799813203113175,D:\OneDrive\OneDrive - WFT\Compartido\Well_Datasets\By_Equipment\fsf\trial_badan_shell_2021\raw\compressed\log4.csv
2021-07-08 21:00:00,317.59069850406206,0.0397397522609496,55.69082131829995,6.889604043431977,0.6839376677770642,0.0,0.0,35.99613751207844,0.0,0.0,0.0,0.0,0.0,57.1511654536325,7694244.181335408,inf,392.4861281137406,3.3606690699724936e-05,2.3420524229453,363.29457146728953,-8.85553223770042e-06,57.1511654536325,1449.7827698723495,85.97960059068186,44.28062725180458,41.698973338878005,134916.36350499652,71.64025038622334,30.60976289825091,41.03048748797305,D:\OneDrive\OneDrive - WFT\Compartido\Well_Datasets\By_Equipment\fsf\trial_badan_shell_2021\raw\compressed\log4.csv
2021-07-08 22:00:00,317.4929902914963,0.0396414345890214,55.68305526513439,6.883102889079806,0.6836807289782318,0.0,0.0,35.93739911346762,0.0,0.0,0.0,0.0,0.0,57.15542624829476,7691661.243154086,inf,392.3567267655561,3.35985227274697e-05,2.341718552093317,363.2207607636475,-8.59812720984347e-06,57.15542624829476,1448.4382948305974,85.89028315148575,44.34177953671112,41.54850361477526,134799.94935089722,71.53559814234636,30.652722605295125,40.8828755370518,D:\OneDrive\OneDrive - WFT\Compartido\Well_Datasets\By_Equipment\fsf\trial_badan_shell_2021\raw\compressed\log4.csv
2021-07-08 23:00:00,318.28700011774765,0.0394724429542189,55.63847354565531,6.868795651087074,0.682446419647219,0.0,0.0,35.75652558438063,0.0,0.0,0.0,0.0,0.0,57.15206723229872,7719928.367284683,inf,393.4694556289834,3.366517564889586e-05,2.3447143821119147,361.208366738476,-1.000914076235654e-05,57.15206723229872,1445.402868343505,85.74693099316302,44.5482186288935,41.19871236426936,134552.64983513617,71.33565054340012,30.796066592618303,40.53958395078188,D:\OneDrive\OneDrive - WFT\Compartido\Well_Datasets\By_Equipment\fsf\trial_badan_shell_2021\raw\compressed\log4.csv
2021-07-09 23:00:00,91.00749588115752,0.0319498020064308,58.92762968337619,6.684376208723475,0.6826565322282955,0.0,0.0,29.630459178745983,0.0,0.0,0.0,0.0,0.0,37.31075837291925,0.1779221287040889,1.3978733547422275,79.76395215222797,1.4560167702674607e-05,1.5105529387613643,708.4046343778012,0.00045815674402,37.31075837291925,1415.951128473231,78.36402177741253,55.24009665557754,23.123925121834667,132827.87308305263,61.07676176064845,38.27286106113596,22.803900699512997,D:\OneDrive\OneDrive - WFT\Compartido\Well_Datasets\By_Equipment\fsf\trial_badan_shell_2021\raw\compressed\log5.csv
2021-07-10 00:00:00,90.99530206662378,0.0316279314148614,58.84199404638488,6.640300387432412,0.6788133694098473,0.0,0.0,29.60507715475511,0.0,0.0,0.0,0.0,0.0,37.304988981039976,0.1798671808777665,1.387661424453876,79.78548198497256,1.4558473450744831e-05,1.5107054973467204,708.3331769767592,0.0004588358749488,37.304988981039976,1405.3436477544924,78.66755903384697,55.473768379074414,23.19379065477106,131932.61408561538,61.30837427514434,38.43458786591796,22.873786409227574,D:\OneDrive\OneDrive - WFT\Compartido\Well_Datasets\By_Equipment\fsf\trial_badan_shell_2021\raw\compressed\log5.csv
2021-07-10 01:00:00,90.99469053780942,0.0316288572360049,58.84134236481948,6.640770881992702,0.6788671064254536,0.0,0.0,29.608159614785848,0.0,0.0,0.0,0.0,0.0,37.31055217559864,0.1797997365281637,1.3877888171283448,79.7851488322755,1.4558435746505176e-05,1.51070544882929,708.3460198163884,0.0004588421790284,37.31055217559864,1405.4854121997153,78.64565750501957,55.45568036147225,23.18997714354582,131942.97254591066,61.29220592004775,38.42217111230088,22.87003480774809,D:\OneDrive\OneDrive - WFT\Compartido\Well_Datasets\By_Equipment\fsf\trial_badan_shell_2021\raw\compressed\log5.csv
2021-07-10 02:00:00,90.99443134371536,0.0316070294562845,58.838335668745096,6.637889704843014,0.6786526143598993,0.0,0.0,29.60418049707026,0.0,0.0,0.0,0.0,0.0,37.31062195023772,0.1799402698232262,1.3871141102944278,79.78606581855759,1.4558384329771448e-05,1.5107112283619075,708.3311955964057,0.0004588653570656,37.31062195023772,1404.7789389211791,78.67401082219514,55.47891068998969,23.19510013220393,131883.33747513374,61.3133308578148,38.43821037638783,22.87512048142817,D:\OneDrive\OneDrive - WFT\Compartido\Well_Datasets\By_Equipment\fsf\trial_badan_shell_2021\raw\compressed\log5.csv
2021-07-10 03:00:00,90.9957920290978,0.0316435408814298,58.84385451805521,6.642367177614756,0.6789859198609784,0.0,0.0,29.607619243994574,0.0,0.0,0.0,0.0,0.0,37.31059822486755,0.1797802849565629,1.3881408565766495,79.7852376023276,1.4558521462930306e-05,1.5107026303624338,708.3423444268296,0.000458821611617,37.31059822486755,1405.8411703362508,78.65335364418281,55.46180378372712,23.19154986045421,131975.52109175368,61.2978306849491,38.42627441493131,22.871556270019,D:\OneDrive\OneDrive - WFT\Compartido\Well_Datasets\By_Equipment\fsf\trial_badan_shell_2021\raw\compressed\log5.csv
2021-07-10 04:00:00,90.99423997272524,0.0316071578117133,58.84012999409081,6.638298230963084,0.6787178264109984,0.0,0.0,29.605250212332884,0.0,0.0,0.0,0.0,0.0,37.31060889507879,0.1798707100472136,1.3872298016861973,79.7851829446957,1.4558398259932184e-05,1.5107070342313649,708.3352472321461,0.0004588515780567,37.31060889507879,1404.9046781839145,78.65328444391777,55.46316326563582,23.190121178280428,131891.80343543857,61.29758313757555,38.42739135468799,22.870191782888785,D:\OneDrive\OneDrive - WFT\Compartido\Well_Datasets\By_Equipment\fsf\trial_badan_shell_2021\raw\compressed\log5.csv
2021-07-10 05:00:00,90.99502636282902,0.0316253039934557,58.84162120970921,6.640003417123502,0.6787808558161155,0.0,0.0,29.60500034694717,0.0,0.0,0.0,0.0,0.0,37.3106420766476,0.1798721784274093,1.387596898641272,79.78535712189634,1.4558455101505062e-05,1.5107056776338963,708.3332083390538,0.0004588388011658,37.3106420766476,1405.2792498526064,78.66508084829216,55.47214007674381,23.19294077154684,131926.5181142457,61.306452788808485,38.43350126607122,22.87295152273848,D:\OneDrive\OneDrive - WFT\Compartido\Well_Datasets\By_Equipment\fsf\trial_badan_shell_2021\raw\compressed\log5.csv
2021-07-10 06:00:00,90.99526241448172,0.0316423750534529,58.84301561583151,6.642239018591849,0.6789653388812016,0.0,0.0,29.6090541303502,0.0,0.0,0.0,0.0,0.0,37.31067991158788,0.1797752951948371,1.388110412199451,79.7850518237234,1.4558485021247864e-05,1.5107031983489954,708.348661170857,0.0004588287605156,37.31067991158788,1405.8177831565647,78.64918464558421,55.45760772979967,23.191576915783063,131972.71854606038,61.295038560454365,38.423445231187785,22.871593329267803,D:\OneDrive\OneDrive - WFT\Compartido\Well_Datasets\By_Equipment\fsf\trial_badan_shell_2021\raw\compressed\log5.csv
2021-07-10 07:00:00,90.99426927639672,0.0315989218843668,58.83780174658002,6.637213500459431,0.6786298879123335,0.0,0.0,29.60408144141339,0.0,0.0,0.0,0.0,0.0,37.3107058141547,0.1799187227423113,1.3869860592165082,79.78612300675975,1.4558370021513984e-05,1.510711966441344,708.3310740912337,0.000458870092261,37.3107058141547,1404.645574578813,78.65985030987645,55.46882573189874,23.191024577976155,131870.4808999257,61.30235807787894,38.43124583766858,22.87111224021158,D:\OneDrive\OneDrive - WFT\Compartido\Well_Datasets\By_Equipment\fsf\trial_badan_shell_2021\raw\compressed\log5.csv
2021-07-10 08:00:00,90.99563551274473,0.0316374484778047,58.843579711243926,6.641508623454396,0.6789123054544165,0.0,0.0,29.60601166366899,0.0,0.0,0.0,0.0,0.0,37.31070358258476,0.1798250421263089,1.3879358089377472,79.78518787717339,1.4558510033225706e-05,1.5107029028519434,708.3362237222923,0.0004588233070065,37.31070358258476,1405.6277363108657,78.66352647168526,55.470233938006,23.193292533677774,131957.26371944204,61.30540072185546,38.43212473111468,22.873275990741995,D:\OneDrive\OneDrive - WFT\Compartido\Well_Datasets\By_Equipment\fsf\trial_badan_shell_2021\raw\compressed\log5.csv
2021-07-10 09:00:00,90.9945974477913,0.0316269893242426,58.84144173209064,6.640558083373923,0.6788508269892826,0.0,0.0,29.60784952216609,0.0,0.0,0.0,0.0,0.0,37.31070405948034,0.1798039743856439,1.3877411967944482,79.78501838497306,1.4558432427692489e-05,1.510705047607388,708.3448701828489,0.0004588412907406,37.31070405948034,1405.4368883660215,78.64535473246629,55.45568936543547,23.18966536702932,131938.46245553406,61.29192049053514,38.42219452657258,22.86972596396378,D:\OneDrive\OneDrive - WFT\Compartido\Well_Datasets\By_Equipment\fsf\trial_badan_shell_2021\raw\compressed\log5.csv
2021-07-10 10:00:00,90.99458939361892,0.0316096778844313,58.83929130858112,6.638210344287792,0.6786759241624238,0.0,0.0,29.603845363535324,0.0,0.0,0.0,0.0,0.0,37.31069799820151,0.1799311007938206,1.3871870275369569,79.78584465993956,1.4558404164709904e-05,1.5107095868253817,708.3295381174315,0.0004588575684764,37.31069799820151,1404.853505448156,78.6735359105168,55.47887027275342,23.19466563776188,131889.71394226945,61.31285833706076,38.43817782196377,22.874680515098195,D:\OneDrive\OneDrive - WFT\Compartido\Well_Datasets\By_Equipment\fsf\trial_badan_shell_2021\raw\compressed\log5.csv
2021-07-10 11:00:00,90.99546746780268,0.0316443013647502,58.84386338668519,6.642474522701557,0.6789866971618364,0.0,0.0,29.608708302997343,0.0,0.0,0.0,0.0,0.0,37.31069789248773,0.1797682759962597,1.3881645440740444,79.78491808392863,1.4558505733302148e-05,1.5107018873129572,708.346939915066,0.0004588217769684,37.31069789248773,1405.872370132627,78.64897167850418,55.45778664957137,23.191185028931315,131977.4514460408,61.29474879182207,38.42355252722015,22.87119626460313,D:\OneDrive\OneDrive - WFT\Compartido\Well_Datasets\By_Equipment\fsf\trial_badan_shell_2021\raw\compressed\log5.csv
2021-07-10 12:00:00,90.99424409076366,0.0315995598210808,58.83793616057939,6.637296706382261,0.6786339560471868,0.0,0.0,29.60423918206809,0.0,0.0,0.0,0.0,0.0,37.31070977932357,0.1799131696683942,1.3870058138949388,79.7860464216455,1.4558370544988095e-05,1.5107116295980034,708.3316921780507,0.0004588690583296,37.31070977932357,1404.666935178086,78.6583923935861,55.46765595079419,23.190736442790367,131872.16793683523,61.30127058604059,38.43044415989305,22.87082642614876,D:\OneDrive\OneDrive - WFT\Compartido\Well_Datasets\By_Equipment\fsf\trial_badan_shell_2021\raw\compressed\log5.csv
2021-07-10 13:00:00,90.99563551274473,0.0316374484778047,58.843579711243926,6.641508623454396,0.6789123054544165,0.0,0.0,29.60601166366899,0.0,0.0,0.0,0.0,0.0,37.310718705599925,0.1798250421263089,1.3879358089377472,79.78518787717339,1.4558510033225706e-05,1.5107029028519434,708.3362237222923,0.0004588233070065,37.310718705599925,1405.6277363108657,78.66352647168526,55.470233938006,23.193292533677774,131957.26371944204,61.30540072185546,38.43212473111468,22.873275990741995,D:\OneDrive\OneDrive - WFT\Compartido\Well_Datasets\By_Equipment\fsf\trial_badan_shell_2021\raw\compressed\log5.csv
2021-07-10 14:00:00,90.9945241229953,0.03162329299295,58.841011819788,6.640134571766265,0.6788276212856298,0.0,0.0,29.607490198649884,0.0,0.0,0.0,0.0,0.0,37.310717863449234,0.1798179142712859,1.3876441165780675,79.78511480182338,1.455842334414746e-05,1.5107057879844783,708.3436118386278,0.0004588446991536,37.310717863449234,1405.3357600780255,78.64770802130563,55.45759410245174,23.19011391885237,131929.7410286641,61.293688026871074,38.4235148206313,22.870173206240985,D:\OneDrive\OneDrive - WFT\Compartido\Well_Datasets\By_Equipment\fsf\trial_badan_shell_2021\raw\compressed\log5.csv
2021-07-10 15:00:00,90.99460916164702,0.0316125016502768,58.83941050777766,6.638527575627709,0.67869101247074,0.0,0.0,29.60431058578984,0.0,0.0,0.0,0.0,0.0,37.3107163149481,0.1799205066117603,1.3872597690079354,79.78581795071038,1.455840668765064e-05,1.510709375506938,708.3313252842707,0.0004588566888334,37.3107163149481,1404.9297555646942,78.67144441559782,55.47705510338477,23.19438931221152,131896.31014457362,61.31132833630245,38.43692144078854,22.87440689551511,D:\OneDrive\OneDrive - WFT\Compartido\Well_Datasets\By_Equipment\fsf\trial_badan_shell_2021\raw\compressed\log5.csv
2021-07-10 16:00:00,90.9955848912948,0.0316437293154581,58.84374951612907,6.642406325900224,0.6789830305210877,0.0,0.0,29.608289938491385,0.0,0.0,0.0,0.0,0.0,37.31071325493455,0.1797710003596926,1.3881509801522744,79.78507749550427,1.4558510047040903e-05,1.5107023871494434,708.3452026343173,0.0004588226197984,37.31071325493455,1405.8555430944657,78.64976890283828,55.45869257282254,23.191076330014244,131976.2629748657,61.29524668868003,38.4241565545769,22.871090134104342,D:\OneDrive\OneDrive - WFT\Compartido\Well_Datasets\By_Equipment\fsf\trial_badan_shell_2021\raw\compressed\log5.csv
2021-07-10 17:00:00,90.99420059648672,0.0316015951221149,58.83859999830081,6.6375551970361775,0.6786546012006949,0.0,0.0,29.60457960311569,0.0,0.0,0.0,0.0,0.0,37.31070441877311,0.1799036798369263,1.3870624106014289,79.78574435233827,1.4558376895149444e-05,1.5107101458192247,708.33294364759,0.0004588638027304,37.31070441877311,1404.7282507606733,78.65711813640183,55.46647954959364,23.190638586806667,131877.10479304596,61.3003751514654,38.42965308556534,22.870722065901266,D:\OneDrive\OneDrive - WFT\Compartido\Well_Datasets\By_Equipment\fsf\trial_badan_shell_2021\raw\compressed\log5.csv
2021-07-10 18:00:00,90.99561511365214,0.0316368586595333,58.84334068020845,6.641424779092233,0.6789034611806212,0.0,0.0,29.60598410752881,0.0,0.0,0.0,0.0,0.0,37.310707378421846,0.1798284459643278,1.3879171579013896,79.78526071539821,1.4558505931560217e-05,1.5107033572034565,708.3361822651631,0.0004588251893588,37.310707378421846,1405.60817152776,78.66373737282905,55.470411426843015,23.193325945984537,131955.64414963336,61.30555746120465,38.43224550819753,22.87331195300832,D:\OneDrive\OneDrive - WFT\Compartido\Well_Datasets\By_Equipment\fsf\trial_badan_shell_2021\raw\compressed\log5.csv
2021-07-10 19:00:00,90.99456053310496,0.0316251483152903,58.84121102959752,6.640345889100625,0.6788392688715408,0.0,0.0,29.60766726211173,0.0,0.0,0.0,0.0,0.0,37.31070124804692,0.1798110572253162,1.387692536012339,79.78507231656963,1.4558427659694343e-05,1.5107054503015134,708.3442344370839,0.0004588431118054,37.31070124804692,1405.3861089940303,78.64660264691092,55.45669205317157,23.189910593737835,131934.10075853666,61.29285966696189,38.422889278876646,22.86997038808646,D:\OneDrive\OneDrive - WFT\Compartido\Well_Datasets\By_Equipment\fsf\trial_badan_shell_2021\raw\compressed\log5.csv
2021-07-10 20:00:00,90.99457276172856,0.0316106455780816,58.8392111803125,6.638316141176726,0.6786793543988655,0.0,0.0,29.60413327037285,0.0,0.0,0.0,0.0,0.0,37.3107022481348,0.1799273716912363,1.3872113213846795,79.78586049140289,1.4558402371068182e-05,1.5107097134626093,708.3307017070485,0.0004588582770546,37.3107022481348,1404.8793768042997,78.67255168904597,55.477958710015926,23.19459297902852,131891.9479752319,61.31215810696514,38.43754805505125,22.87461005191509,D:\OneDrive\OneDrive - WFT\Compartido\Well_Datasets\By_Equipment\fsf\trial_badan_shell_2021\raw\compressed\log5.csv
2021-07-10 21:00:00,90.99561869475444,0.0316430319285893,58.843650992062095,6.642323858939672,0.6789792565082051,0.0,0.0,29.608137276440655,0.0,0.0,0.0,0.0,0.0,37.31070500329186,0.1797738761755901,1.3881327654285345,79.78514824208061,1.455851038858838e-05,1.510702667709917,708.3445896879882,0.0004588233594724,37.31070500329186,1405.8357711346337,78.6502972498059,55.45918612885357,23.191111120950847,131974.64434380244,61.29561565112482,38.42449016793435,22.87112548319169,D:\OneDrive\OneDrive - WFT\Compartido\Well_Datasets\By_Equipment\fsf\trial_badan_shell_2021\raw\compressed\log5.csv
2021-07-10 22:00:00,90.99421031848269,0.0316035445982711,58.839076451502535,6.637803075049266,0.678675510468637,0.0,0.0,29.60481355614832,0.0,0.0,0.0,0.0,0.0,37.310707376551576,0.1798956900810104,1.3871164050850142,79.78556838864387,1.4558383517613514e-05,1.510709171784124,708.3337607334861,0.000458860042639,37.310707376551576,1404.7852907189592,78.6570135056732,55.46620205078592,23.190811454885758,131881.9302580772,61.300357435817006,38.429471081744495,22.870886354073725,D:\OneDrive\OneDrive - WFT\Compartido\Well_Datasets\By_Equipment\fsf\trial_badan_shell_2021\raw\compressed\log5.csv
2021-07-10 23:00:00,90.99468637804084,0.0316205678094748,58.8397416525297,6.6395145033224034,0.6787587018521691,0.0,0.0,29.606019283358485,0.0,0.0,0.0,0.0,0.0,37.31070516785529,0.1798781811034907,1.3874876994259602,79.78576451675345,1.4558414708285055e-05,1.5107088330166092,708.3379134909164,0.0004588542461442,37.31070516785529,1405.1680345378056,78.66407784216115,55.47049736025294,23.193580481906693,131916.9422564707,61.305984914401634,38.432379687487575,22.873605226915306,D:\OneDrive\OneDrive - WFT\Compartido\Well_Datasets\By_Equipment\fsf\trial_badan_shell_2021\raw\compressed\log5.csv
2021-07-10 23:00:00,90.99622116918565,0.0316466511332552,58.8468098131545,6.642554839805553,0.6789834570138176,0.0,0.0,29.6050458826336,0.0,0.0,0.0,0.0,0.0,37.308989063704544,0.1798044139758974,1.3881682779640667,79.78449031273313,1.4558579586427148e-05,1.5106974752707396,708.3312337208722,0.0004587968888785,37.308989063704544,1405.865993586942,78.66521916852255,55.47231074799226,23.192908420528788,131977.89756234456,61.30639770321793,38.43353861276706,22.87285909045208,D:\OneDrive\OneDrive - WFT\Compartido\Well_Datasets\By_Equipment\fsf\trial_badan_shell_2021\raw\compressed\log6.csv
2021-07-11 00:00:00,90.99462249998146,0.0316239307149681,58.8407376896885,6.640225597082364,0.6788398955886119,0.0,0.0,29.60768217076718,0.0,0.0,0.0,0.0,0.0,37.314663059174,0.1798135879508084,1.3876668387372075,79.78532006032704,1.4558424773798143e-05,1.5107065618641202,708.3443249003136,0.0004588470617594,37.314663059174,1405.357883131372,78.64699762864235,55.456954424625565,23.190043204015407,131931.89590494902,61.29315461628276,38.42304720979545,22.870107406487914,D:\OneDrive\OneDrive - WFT\Compartido\Well_Datasets\By_Equipment\fsf\trial_badan_shell_2021\raw\compressed\log6.csv
2021-07-11 01:00:00,90.99430542628733,0.0316025889729322,58.83743880250914,6.637306303537428,0.678598611766189,0.0,0.0,29.60366368153995,0.0,0.0,0.0,0.0,0.0,37.31173301197781,0.179962667010542,1.386983162024094,79.78629409021077,1.4558366750477717e-05,1.5107128291262266,708.3294567772409,0.0004588725129622,37.31173301197781,1404.6428053553734,78.67543925811756,55.48035654688955,23.19508271122648,131871.6078973265,61.31432520989821,38.439209911809705,22.875115298089703,D:\OneDrive\OneDrive - WFT\Compartido\Well_Datasets\By_Equipment\fsf\trial_badan_shell_2021\raw\compressed\log6.csv
2021-07-11 02:00:00,90.99574114068372,0.0316426342508809,58.8435409687107,6.642259755261206,0.6789783111864641,0.0,0.0,29.60773477522347,0.0,0.0,0.0,0.0,0.0,37.31125756192501,0.1797824711365937,1.3881168708905778,79.78531107353514,1.455851499984439e-05,1.5107031712267525,708.3429093510401,0.0004588241643075,37.31125756192501,1405.8166502378133,78.65321369487953,55.46160828660896,23.191605408269076,131973.40480709093,61.29775491350224,38.426140264621424,22.87161464888203,D:\OneDrive\OneDrive - WFT\Compartido\Well_Datasets\By_Equipment\fsf\trial_badan_shell_2021\raw\compressed\log6.csv
2021-07-11 03:00:00,90.99422091878152,0.0316065606115632,58.84003010726225,6.638217361387013,0.6787095695289318,0.0,0.0,29.605216895969903,0.0,0.0,0.0,0.0,0.0,37.31107390165041,0.1798737765255839,1.3872115416898334,79.78520411621216,1.455839609978704e-05,1.5107072003320283,708.3351530907403,0.0004588524115325,37.31107390165041,1404.886041317747,78.65333273783115,55.46323127841981,23.190101459409817,131890.1577943761,61.29761271557005,38.42743900061697,22.870173714954312,D:\OneDrive\OneDrive - WFT\Compartido\Well_Datasets\By_Equipment\fsf\trial_badan_shell_2021\raw\compressed\log6.csv
2021-07-11 04:00:00,90.99516694467688,0.0316277226975163,58.84232127026045,6.640296060824553,0.6788043205126095,0.0,0.0,29.605002674769533,0.0,0.0,0.0,0.0,0.0,37.31095743637321,0.1798657406758232,1.3876615374646606,79.78521929553085,1.4558470840910255e-05,1.510704529148229,708.3329481535804,0.0004588330947643,37.31095743637321,1405.34576663253,78.66559144812943,55.47250573234653,23.193085715781383,131932.33530640393,61.30683454149074,38.43374793510745,22.873086606384486,D:\OneDrive\OneDrive - WFT\Compartido\Well_Datasets\By_Equipment\fsf\trial_badan_shell_2021\raw\compressed\log6.csv
2021-07-11 05:00:00,90.9950989242619,0.0316417529955525,58.84254013634254,6.64218933995486,0.6789573322861694,0.0,0.0,29.60942373878186,0.0,0.0,0.0,0.0,0.0,37.31084295799795,0.1797651241567485,1.3881043310688264,79.78508075301993,1.4558471118920416e-05,1.5107038265261592,708.3503618448217,0.000458832743318,37.31084295799795,1405.8129879840046,78.64482916777807,55.454174323342585,23.190654844434004,131971.9769713043,61.29177427577553,38.4210852252271,22.87068905054965,D:\OneDrive\OneDrive - WFT\Compartido\Well_Datasets\By_Equipment\fsf\trial_badan_shell_2021\raw\compressed\log6.csv
2021-07-11 06:00:00,90.99427694740304,0.0315971998717905,58.83740366336248,6.636968425037343,0.6786137965119381,0.0,0.0,29.60373172981233,0.0,0.0,0.0,0.0,0.0,37.31084460868729,0.1799368999084288,1.3869261913504791,79.78628328320654,1.455836511603e-05,1.5107128183021328,708.3297706230622,0.0004588731183337,37.31084460868729,1404.582103142115,78.66449270885337,55.47243650173269,23.19205620711917,131865.40056961402,61.3058681774126,38.43373407126875,22.87213410614505,D:\OneDrive\OneDrive - WFT\Compartido\Well_Datasets\By_Equipment\fsf\trial_badan_shell_2021\raw\compressed\log6.csv
2021-07-11 07:00:00,90.99571439849532,0.0316387996193672,58.843813216083234,6.641688467215158,0.6789274663157071,0.0,0.0,29.60618228680904,0.0,0.0,0.0,0.0,0.0,37.31083431023688,0.1798168566063324,1.3879779289100087,79.78517491641851,1.4558516958734108e-05,1.5107025813866342,708.3367731646463,0.0004588215383783,37.31083431023688,1405.671172025735,78.6622027220605,55.469159935504806,23.193042786554205,131961.0078807735,61.30439991488413,38.4313726089072,22.87302730597813,D:\OneDrive\OneDrive - WFT\Compartido\Well_Datasets\By_Equipment\fsf\trial_badan_shell_2021\raw\compressed\log6.csv
2021-07-11 08:00:00,90.99459044781602,0.03162800383606,58.84171891719223,6.640674535026935,0.678856184147603,0.0,0.0,29.60787247562659,0.0,0.0,0.0,0.0,0.0,37.3108218070722,0.1798003120066668,1.387767657317824,79.78490301780548,1.4558435620999746e-05,1.510704456297132,708.3449124583751,0.0004588390535223,37.3108218070722,1405.4650008350936,78.64450859911972,55.4550976008782,23.18941099824001,131940.7550512618,61.29126515187178,38.421793337062,22.869471814810996,D:\OneDrive\OneDrive - WFT\Compartido\Well_Datasets\By_Equipment\fsf\trial_badan_shell_2021\raw\compressed\log6.csv
2021-07-11 09:00:00,90.9943937575782,0.0316051850155239,58.8380982457199,6.637676186393978,0.6786409698784325,0.0,0.0,29.603997588587177,0.0,0.0,0.0,0.0,0.0,37.31080923673887,0.1799474956283072,1.3870650508508402,79.78612165049832,1.4558379438298288e-05,1.5107116437662902,708.3305593478376,0.00045886722782,37.31080923673887,1404.727725762467,78.67533810880737,55.47996804479229,23.195370064013552,131878.9467866694,61.3143322567222,38.4389429526324,22.875389304091,D:\OneDrive\OneDrive - WFT\Compartido\Well_Datasets\By_Equipment\fsf\trial_badan_shell_2021\raw\compressed\log6.csv
2021-07-11 10:00:00,90.9958020720296,0.031642915046652,58.84360464236735,6.642282226264982,0.678980507455469,0.0,0.0,29.60748378689573,0.0,0.0,0.0,0.0,0.0,37.310780273971176,0.1797866467280824,1.3881204491859689,79.78534568274586,1.4558518800629229e-05,1.5107031748165665,708.341850091692,0.0004588236148006,37.310780273971176,1405.8190182924875,78.65507348100256,55.46314068277351,23.19193279822756,131973.82189786818,61.29912866705708,38.427191406707,22.87193726035129,D:\OneDrive\OneDrive - WFT\Compartido\Well_Datasets\By_Equipment\fsf\trial_badan_shell_2021\raw\compressed\log6.csv
2021-07-11 11:00:00,90.99421074231532,0.031607183447969,58.84027970394211,6.638301978739346,0.6787149596513327,0.0,0.0,29.60535217419716,0.0,0.0,0.0,0.0,0.0,37.31076736895025,0.17986742153218,1.3872318745168932,79.78509601484335,1.455839875201439e-05,1.5107066561700295,708.3356469053455,0.0004588504105975,37.31076736895025,1404.9081169243732,78.65161261059684,55.46189427478267,23.18971833581265,131891.85010970256,61.29631449731458,38.42652195266489,22.86979254465091,D:\OneDrive\OneDrive - WFT\Compartido\Well_Datasets\By_Equipment\fsf\trial_badan_shell_2021\raw\compressed\log6.csv
2021-07-11 12:00:00,90.9952737809323,0.0316295299947968,58.84258738756075,6.640502904923551,0.6788197752234206,0.0,0.0,29.605112944476613,0.0,0.0,0.0,0.0,0.0,37.31077155245494,0.1798621157063666,1.3877073576033885,79.78521993836489,1.4558479492849363e-05,1.510704205236437,708.3332288084312,0.0004588309861368,37.31077155245494,1405.3927268823766,78.66601998996074,55.47273529016686,23.19328469979237,131936.55752482096,61.30717601523381,38.43389547004454,22.873280545190475,D:\OneDrive\OneDrive - WFT\Compartido\Well_Datasets\By_Equipment\fsf\trial_badan_shell_2021\raw\compressed\log6.csv
2021-07-11 13:00:00,90.99493651558402,0.0316391152359012,58.84218903042834,6.641928357369508,0.6789375828555119,0.0,0.0,29.609419150341,0.0,0.0,0.0,0.0,0.0,37.31077849214007,0.1797610675045033,1.3880515114948315,79.78506094773864,1.4558458788034791e-05,1.5107042036019225,708.3505675247546,0.0004588356352858,37.31077849214007,1405.759161113191,78.6407986670401,55.45127568793147,23.18952297910713,131966.8539773722,61.28867451423516,38.41909773498169,22.869576779254693,D:\OneDrive\OneDrive - WFT\Compartido\Well_Datasets\By_Equipment\fsf\trial_badan_shell_2021\raw\compressed\log6.csv
2021-07-11 14:00:00,90.9941634811328,0.03159654885399,58.836505266810775,6.636711835206851,0.6785831456381035,0.0,0.0,29.6036182626142,0.0,0.0,0.0,0.0,0.0,37.3107500827504,0.1799719390462811,1.3868510690154283,79.78652080285043,1.4558347879319003e-05,1.5107144604242786,708.3296053881288,0.0004588800618613,37.3107500827504,1404.5045681408913,78.67623583072543,55.48087658457093,23.19535924615297,131859.63858297787,61.314971209685766,38.43957282329789,22.875398386389072,D:\OneDrive\OneDrive - WFT\Compartido\Well_Datasets\By_Equipment\fsf\trial_badan_shell_2021\raw\compressed\log6.csv
2021-07-11 15:00:00,90.9959203934468,0.0316431334723946,58.84450573875012,6.642323179428181,0.6789866677114683,0.0,0.0,29.606685307269952,0.0,0.0,0.0,0.0,0.0,37.31073774109208,0.1797844631431164,1.3881312653676736,79.78510751350335,1.455853603202818e-05,1.510701565087413,708.3384189670614,0.0004588162439988,37.31073774109208,1405.8287150251922,78.65498783962865,55.46369440775309,23.191293431874065,131974.44173104572,61.29887031503925,38.4275731098948,22.87129720514568,D:\OneDrive\OneDrive - WFT\Compartido\Well_Datasets\By_Equipment\fsf\trial_badan_shell_2021\raw\compressed\log6.csv
2021-07-11 16:00:00,90.99437517228992,0.0316157009642526,58.84104040878024,6.639294021323155,0.6787747728937047,0.0,0.0,29.606420062408606,0.0,0.0,0.0,0.0,0.0,37.31072736983426,0.1798374376397109,1.3874568895890929,79.78495771093677,1.4558416409294492e-05,1.5107054177013517,708.3395412419031,0.0004588443492561,37.31072736983426,1405.1423491582557,78.64774427047162,55.45842354554771,23.189320724922386,131912.2827368893,61.29350424502124,38.424113423386906,22.869390821635545,D:\OneDrive\OneDrive - WFT\Compartido\Well_Datasets\By_Equipment\fsf\trial_badan_shell_2021\raw\compressed\log6.csv
2021-07-11 17:00:00,90.99479032207662,0.0316181292133746,58.84035187633781,6.639159854426163,0.6787293322094546,0.0,0.0,29.604529576167423,0.0,0.0,0.0,0.0,0.0,37.31072411744153,0.1799015320384443,1.3874025551050533,79.78562448499592,1.4558427432781208e-05,1.5107078105335987,708.3318301667671,0.0004588490283108,37.31072411744153,1405.0774354290563,78.6699799445409,55.4758750225402,23.19410492199919,131909.18363493847,61.310210811232906,38.43609653465461,22.8741142765795,D:\OneDrive\OneDrive - WFT\Compartido\Well_Datasets\By_Equipment\fsf\trial_badan_shell_2021\raw\compressed\log6.csv
2021-07-11 18:00:00,90.99540718742772,0.0316434575022658,58.84353493224523,6.642368248021237,0.6789788145855388,0.0,0.0,29.608798973788463,0.0,0.0,0.0,0.0,0.0,37.3107252389097,0.1797729619390579,1.3881395663599267,79.78498829692818,1.4558498625855673e-05,1.5107024380771576,708.3474183948776,0.0004588244584984,37.3107252389097,1405.8467976866948,78.64968724063746,55.45820326396616,23.19148397666981,131975.2970457875,61.29533918209919,38.42384386543247,22.87149531666795,D:\OneDrive\OneDrive - WFT\Compartido\Well_Datasets\By_Equipment\fsf\trial_badan_shell_2021\raw\compressed\log6.csv
2021-07-11 19:00:00,90.99420974294586,0.0315990343733948,58.837662246367096,6.637213398304409,0.6786250452832797,0.0,0.0,29.60422789736579,0.0,0.0,0.0,0.0,0.0,37.31072712258958,0.1799178137563638,1.3869861707755329,79.7861191233508,1.4558365307001708e-05,1.510712128223076,708.3317344554374,0.0004588711985059,37.31072712258958,1404.6464721799132,78.65923877267373,55.46826751775116,23.190971254921035,131870.5110166392,61.30192813433177,38.43086706988044,22.871061064452547,D:\OneDrive\OneDrive - WFT\Compartido\Well_Datasets\By_Equipment\fsf\trial_badan_shell_2021\raw\compressed\log6.csv
2021-07-11 20:00:00,90.76365865194028,0.0188207378993514,57.395636720049886,4.432734279463681,0.6088039105804923,0.0,0.0,11.50425337863386,0.0,0.0,0.0,0.0,0.0,15.36091151129951,0.6532127890666387,0.822799861825029,80.12483472256872,1.4528659850274303e-05,1.5132257884150828,637.5768591821194,0.0004703425718388,15.36091151129951,787.0889033872863,161.5371488830825,145.2776105082355,16.25953837483792,85742.7975712114,116.70014553750984,100.65332780412469,16.046817733383136,D:\OneDrive\OneDrive - WFT\Compartido\Well_Datasets\By_Equipment\fsf\trial_badan_shell_2021\raw\compressed\log6.csv
2021-07-11 21:00:00,90.72983197426272,0.0149629028297098,57.183118124670095,3.970341786376299,0.5981390419262328,0.0,0.0,8.72293710414514,0.0,0.0,0.0,0.0,0.0,11.961260559716466,0.6005750002141957,0.7398417371030606,80.17487938570686,1.452428821094836e-05,1.5135967567896365,626.7014395772162,0.0004720306669787,11.961260559716466,695.726365222564,149.3087468768341,136.31033119232384,12.998415684500785,76681.00946338287,107.27044877967572,94.44001285610192,12.830435923570809,D:\OneDrive\OneDrive - WFT\Compartido\Well_Datasets\By_Equipment\fsf\trial_badan_shell_2021\raw\compressed\log6.csv
2021-07-11 22:00:00,90.72980251874708,0.0149623342859174,57.18641953932729,3.9703085217607086,0.5981284030855208,0.0,0.0,8.721046843979465,0.0,0.0,0.0,0.0,0.0,11.96045156384006,0.6005617948919502,0.7398376950109118,80.1735555683813,1.4524328767326324e-05,1.5135898614645176,626.6936851529974,0.0004720036576108,11.96045156384006,695.7243831962085,149.3045911160535,136.30923970647166,12.995351409572288,76679.52062749634,107.26683110832442,94.4394413553923,12.827389752929191,D:\OneDrive\OneDrive - WFT\Compartido\Well_Datasets\By_Equipment\fsf\trial_badan_shell_2021\raw\compressed\log6.csv
2021-07-11 23:00:00,90.72946104834487,0.0149623002608171,57.18253057760848,3.970259371717354,0.5981283139878244,0.0,0.0,8.723630896966721,0.0,0.0,0.0,0.0,0.0,11.960243898842252,0.6005764158773345,0.7398232539438049,80.1747490741593,1.4524262679395998e-05,1.5135971566371185,626.704684884093,0.0004720356434159,11.960243898842252,695.7117958644345,149.30557244184683,136.3064113757925,12.999161066045112,76679.16913642849,107.26858792489875,94.4374122001108,12.831175724784847,D:\OneDrive\OneDrive - WFT\Compartido\Well_Datasets\By_Equipment\fsf\trial_badan_shell_2021\raw\compressed\log6.csv
2021-07-11 23:00:00,90.7401687338764,0.014979488241573,57.174904551235926,3.972741770994381,0.5984282006573035,0.0,0.0,8.705537976853936,0.0,0.0,0.0,0.0,0.0,11.960176948321614,0.6002766267400946,0.7404843018463532,80.18819512419712,1.4524689981975846e-05,1.513636654912638,626.621086576732,0.0004720930056403,11.960176948321614,696.2099561888111,149.35891578001434,136.38218692075375,12.976728859261456,76744.52439998923,107.29430294317102,94.48524652843312,12.809056414738,D:\OneDrive\OneDrive - WFT\Compartido\Well_Datasets\By_Equipment\fsf\trial_badan_shell_2021\raw\compressed\log7.csv
2021-07-12 00:00:00,90.73001506986066,0.0149627817870512,57.18507239340449,3.970368534690536,0.598142841459238,0.0,0.0,8.721457130458418,0.0,0.0,0.0,0.0,0.0,11.952113460160586,0.6005482064353159,0.739855142626261,80.17429321985894,1.4524322140420552e-05,1.5135931103715126,626.695182924813,0.0004720147300878,11.952113460160586,695.737997603155,149.3047179617075,136.308762911119,12.99595505057898,76681.37795786743,107.26694508000564,94.43895042460908,12.827994655393583,D:\OneDrive\OneDrive - WFT\Compartido\Well_Datasets\By_Equipment\fsf\trial_badan_shell_2021\raw\compressed\log7.csv
2021-07-12 01:00:00,90.72926061059836,0.014961656484769,57.18424746612941,3.970193522784308,0.5981111309123155,0.0,0.0,8.72287092378529,0.0,0.0,0.0,0.0,0.0,11.9592445440361,0.6005762472377633,0.7398089908195642,80.1738790234795,1.4524274663998294e-05,1.5135931715674762,626.7017546679168,0.000472021549015,11.9592445440361,695.7009166288924,149.3024422774455,136.30460135846104,12.99784091897495,76677.21459424088,107.2661967686332,94.43633567103376,12.82986109759637,D:\OneDrive\OneDrive - WFT\Compartido\Well_Datasets\By_Equipment\fsf\trial_badan_shell_2021\raw\compressed\log7.csv
2021-07-12 02:00:00,90.73018351649132,0.0149634853432353,57.18413394323801,3.970438248164451,0.5981544748953562,0.0,0.0,8.721641985843346,0.0,0.0,0.0,0.0,0.0,11.95949030977963,0.6005609505063296,0.7398666695904579,80.17482436136423,1.452431835197352e-05,1.5135954276502486,626.6958031073458,0.0004720222553795,11.95949030977963,695.7465010196665,149.31024315161986,136.31362051329685,12.996622638313491,76683.12403127462,107.27085616122716,94.44219716616426,12.82865899505997,D:\OneDrive\OneDrive - WFT\Compartido\Well_Datasets\By_Equipment\fsf\trial_badan_shell_2021\raw\compressed\log7.csv
2021-07-12 03:00:00,90.72935617756738,0.0149615968918345,57.18510962788404,3.9702007026909967,0.5981113865435146,0.0,0.0,8.722309570757682,0.0,0.0,0.0,0.0,0.0,11.959578240855135,0.6005674764825092,0.7398129917415943,80.17363319384059,1.4524290234826136e-05,1.5135915911574704,626.6993384308001,0.000472014488183,11.959578240855135,695.7043942559758,149.30107962246018,136.30416239341633,12.996917229034302,76677.26024928434,107.2649832896696,94.43603947030286,12.828943819363737,D:\OneDrive\OneDrive - WFT\Compartido\Well_Datasets\By_Equipment\fsf\trial_badan_shell_2021\raw\compressed\log7.csv
2021-07-12 04:00:00,90.7300953560952,0.0149636085224901,57.18324415524037,3.9704290683597354,0.5981547080983605,0.0,0.0,8.722207449796857,0.0,0.0,0.0,0.0,0.0,11.95961005438644,0.6005775214629465,0.7398599714087268,80.17508788518832,1.452430276597135e-05,1.5135970812093942,626.6982294702653,0.0004720295283255,11.95961005438644,695.740399088184,149.3131755734948,136.31550516619205,12.99767040729326,76683.00381107796,107.27319062322177,94.44349193737352,12.82969868584532,D:\OneDrive\OneDrive - WFT\Compartido\Well_Datasets\By_Equipment\fsf\trial_badan_shell_2021\raw\compressed\log7.csv
2021-07-12 05:00:00,90.72949220718368,0.014961467682527,57.18618332317255,3.970217078236707,0.5981141612970851,0.0,0.0,8.721650024406623,0.0,0.0,0.0,0.0,0.0,11.959648530034842,0.6005441234610643,0.7398229810319318,80.17334401457472,1.452431048447205e-05,1.513589662407826,626.6964646963221,0.0004720056870534,11.959648530034842,695.7134350735005,149.29717396252104,136.30155177778636,12.995622184725148,76677.55047641382,107.2618907335392,94.43423198613044,12.82765874740579,D:\OneDrive\OneDrive - WFT\Compartido\Well_Datasets\By_Equipment\fsf\trial_badan_shell_2021\raw\compressed\log7.csv
2021-07-12 06:00:00,90.7299775724224,0.0149632955926323,57.18284435876273,3.970380403026984,0.5981454221786427,0.0,0.0,8.72273553332349,0.0,0.0,0.0,0.0,0.0,11.959660172602383,0.6005830659078966,0.73984832443311,80.17513017668978,1.4524291947695193e-05,1.5135976484595566,626.7004949666986,0.0004720328614485,11.959660172602383,695.7306893916136,149.3121431445489,136.3137525263394,12.99839061820002,76681.9806132632,107.27271797976296,94.4423053506697,12.830412629090294,D:\OneDrive\OneDrive - WFT\Compartido\Well_Datasets\By_Equipment\fsf\trial_badan_shell_2021\raw\compressed\log7.csv
2021-07-12 07:00:00,90.72957672192364,0.0149617679421731,57.1863980694632,3.970256463589056,0.5981217971091116,0.0,0.0,8.721375146008336,0.0,0.0,0.0,0.0,0.0,11.959662841691182,0.6005442397988658,0.739830973685233,80.17334223744676,1.4524317348974424e-05,1.5135894051187082,626.6952564949854,0.0004720038922465,11.959662841691182,695.7201639747833,149.2988401747262,136.3034929046299,12.995347270086764,76678.35865708094,107.26293896040409,94.43555310429896,12.827385856102186,D:\OneDrive\OneDrive - WFT\Compartido\Well_Datasets\By_Equipment\fsf\trial_badan_shell_2021\raw\compressed\log7.csv
2021-07-12 08:00:00,90.72975720397751,0.0149628146937981,57.182752978948926,3.970325755625628,0.598136025483852,0.0,0.0,8.723155521058937,0.0,0.0,0.0,0.0,0.0,11.959683842108772,0.6005773034526635,0.7398378341643934,80.17495031096297,1.4524279955728611e-05,1.5135973482713572,626.7024284926703,0.0004720337004533,11.959683842108772,695.7229802940557,149.30854785232236,136.30982125708343,12.998726595229463,76680.7151678948,107.27041564377316,94.43967040750144,12.830745236268704,D:\OneDrive\OneDrive - WFT\Compartido\Well_Datasets\By_Equipment\fsf\trial_badan_shell_2021\raw\compressed\log7.csv
2021-07-12 09:00:00,90.72980251874708,0.0149623342859174,57.18641953932729,3.9703085217607086,0.5981284030855208,0.0,0.0,8.721046843979465,0.0,0.0,0.0,0.0,0.0,11.959679194399126,0.6005617948919502,0.7398376950109118,80.1735555683813,1.4524328767326324e-05,1.5135898614645176,626.6936851529974,0.0004720036576108,11.959679194399126,695.7243831962085,149.3045911160535,136.30923970647166,12.995351409572288,76679.52062749634,107.26683110832442,94.4394413553923,12.827389752929191,D:\OneDrive\OneDrive - WFT\Compartido\Well_Datasets\By_Equipment\fsf\trial_badan_shell_2021\raw\compressed\log7.csv
2021-07-12 10:00:00,90.72956476656042,0.0149625129352179,57.18245578993072,3.970285457262113,0.598132209376862,0.0,0.0,8.723438101858633,0.0,0.0,0.0,0.0,0.0,11.959700721125383,0.6005768601267014,0.7398290920693287,80.17487979035971,1.4524266814835454e-05,1.5135975413740763,626.7038059638426,0.0004720362087276,11.959700721125383,695.7160500729668,149.3068601217425,136.30788233988096,12.998977781852089,76679.82502051693,107.26937970981044,94.43838468306086,12.830995026746592,D:\OneDrive\OneDrive - WFT\Compartido\Well_Datasets\By_Equipment\fsf\trial_badan_shell_2021\raw\compressed\log7.csv
2021-07-12 11:00:00,90.72997476690811,0.0149626083490552,57.18599019126178,3.970358631927201,0.5981386792269463,0.0,0.0,8.721016102784667,0.0,0.0,0.0,0.0,0.0,11.959698461657892,0.6005443087394662,0.7398535584784411,80.17389294558284,1.4524331786444329e-05,1.5135911260471169,626.6933995459372,0.0004720071677612,11.959698461657892,695.7373873004611,149.30343315547256,136.30821927687242,12.99521387859062,76680.90325032487,107.26589951694092,94.43864259524666,12.827256921691315,D:\OneDrive\OneDrive - WFT\Compartido\Well_Datasets\By_Equipment\fsf\trial_badan_shell_2021\raw\compressed\log7.csv
2021-07-12 12:00:00,90.72931883906097,0.014961852407099,57.182836412898965,3.970202852487715,0.5981153616245437,0.0,0.0,8.723674690611725,0.0,0.0,0.0,0.0,0.0,11.959706207787612,0.6005793117945151,0.7398108040717309,80.17449042212816,1.4524259628724453e-05,1.513596216361926,626.7049971993179,0.0004720331452427,11.959706207787612,695.701591448969,149.3035812429393,136.3045022565313,12.99907898639852,76677.82142299536,107.26725886665756,94.43616628762126,12.831092579033282,D:\OneDrive\OneDrive - WFT\Compartido\Well_Datasets\By_Equipment\fsf\trial_badan_shell_2021\raw\compressed\log7.csv
2021-07-12 13:00:00,90.72965067826892,0.0149621676814251,57.18427941050977,3.9702789411092456,0.5981259687726167,0.0,0.0,8.722406519691157,0.0,0.0,0.0,0.0,0.0,11.959724089595063,0.6005552879282584,0.7398338074340648,80.17424903719481,1.452429427041682e-05,1.5135939593868752,626.699447362398,0.0004720212665288,11.959724089595063,695.7208781672039,149.30216263383804,136.3050188901842,12.99714374365173,76679.40792071488,107.26563959235304,94.4364666594908,12.829172932860205,D:\OneDrive\OneDrive - WFT\Compartido\Well_Datasets\By_Equipment\fsf\trial_badan_shell_2021\raw\compressed\log7.csv
