DATE & TIME,CHOKE,WELL Name,Test,Well Head Pressure  psig,Well Head Temp deg C,Sep. Static Pressure psig,Sep. Gas Temp deg C,Gas Rate Sm3/d,Gas Cumm. Sm3,GOR (Gas/Oil Ratio) m3/m3,Oil Density  g/cm3,Oil Temp deg C, Raw Oil Flow  m3/d,Oil Flow Sm3/d,Water Flow Rate m3/d,WaterDensity Kg/m3,Flow Water Cut  %,DP[Bar],Temperature[C],Velocity[m/s],Quality,GVF[%],GasDen[kg/m3],GasVisc[cP],LiqDen[kg/m3],LiqVisc[cP],Qg[m3/d],Ql[m3/d],Qo[m3/d],GOR,GWR,WLR,Meter,pad,shrinkage,Fp,Ft,Fz,Gas Rate Act m3/d,Liq Rate Act m3/d,GVF,Bo
4/12/2021 9:54,40,LCA-3005,C1-052,,,1308.774827,55.36525299,109807.2548,,0.0,,,48.09492405,33.26708989,19.68460514,,29.29430764,0.020413266,55.36525299,5.393279074,0.601289938,94.34619844,80.75245945,1.4499999999999998e-05,705.837288,0.000487011,1135.0858449999998,68.02129000000001,48.09492405,3300.777289600187,5578.331595631895,0.37174645927477123,Post-Processed,G7,0.6916964845482483,0.011069093207016927,1.1378903061211925,0.7373523859254498,1135.0858449999998,67.77952919,93.76790325567384,1.445720807231089
4/12/2021 9:54,40,LCA-3005,C1-052,,,1309.227256,55.47912633,109439.5148,,3300.7772879999998,,,49.68706232,34.3659442,20.69880978,,29.66285445,0.020550842,55.47912633,5.387397891,0.592328424,94.11435718,80.73573619,1.4599999999999999e-05,707.2520777000001,0.000486027,1129.58927,70.64128339,49.68706232,3184.5339142464186,5287.23709059565,0.375899432648296,Post-Processed,G7,0.6916477367623934,0.011065310623596596,1.1382847333769508,0.7373523859254498,1129.58927,70.3858721,93.52347060430142,1.4458227025812374
4/12/2021 9:54,40,LCA-3005,C1-052,,,1309.301527,55.04965456,108664.0219,,3261.932895,,,55.08517816,38.08834818,23.23281804,,29.91668422,0.020972339,55.04965456,5.3668988660000005,0.583915269,93.40137305,80.92257746,1.4499999999999998e-05,708.338305,0.00048974,1112.550676,78.59956046,55.08517816,2852.9465595743254,4677.177848718691,0.37887110556000125,Post-Processed,G7,0.6914445854993673,0.011064689919581787,1.1367971562876442,0.7373523859254498,1112.550676,78.3179962,92.78931621753819,1.4462474954197397
4/12/2021 9:54,40,LCA-3005,C1-052,,,1309.629718,54.96514013,108718.6475,,3171.124878,,,58.27135753,40.28521441,24.83094294,,30.13206435,0.021412962,54.96514013,5.382746251,0.576415871,93.00425932,80.98120595,1.4499999999999998e-05,709.1902757,0.000490471,1108.782493,83.40214577,58.27135753,2698.7233180273893,4378.353563241687,0.3813330508207576,Post-Processed,G7,0.691338182558384,0.011061947966926045,1.13650442056305,0.7373523859254498,1108.782493,83.10230047,92.38236352063632,1.446470085449894
4/12/2021 9:54,40,LCA-3005,C1-052,,,1309.242102,54.92582563,108285.7868,,3060.0934239999997,,,58.54245866,40.47620986,25.07728212,,30.24187917,0.021328221,54.92582563,5.365326611,0.572126968,92.93515745,80.97081876,1.4499999999999998e-05,709.6594947000001,0.000490811,1103.961014,83.92206952,58.54245866,2675.2946279936104,4318.083047510095,0.38254685391360904,Post-Processed,G7,0.6913992132629025,0.011065186545754538,1.1363682454904076,0.7373523859254498,1103.961014,83.61974078,92.31152238013568,1.4463424036610133
4/12/2021 9:54,40,LCA-3005,C1-052,,,1309.361968,54.93000028,108295.2855,,2976.478172,,,59.95631011,41.45225884,26.23088966,,30.68914145,0.021588836,54.93000028,5.376105432,0.585057918,92.72415207,80.97740983,1.4499999999999998e-05,711.4305469,0.000490775,1102.40932,86.50348786,59.95631011,2612.530379056178,4128.5403165391535,0.3875542175760337,Post-Processed,G7,0.6913744152024835,0.01106418484822802,1.1363827053784132,0.7373523859254498,1102.40932,86.18719976999999,92.09419081305467,1.446394280741686
4/12/2021 9:54,40,LCA-3005,C1-052,,,1310.512658,55.1332014,108483.9925,,2910.2127170000003,,,56.11008523,38.78515335,24.74219035,,30.85901618,0.021186909,55.1332014,5.36813717,0.581652618,93.1799799,80.9715512,1.4599999999999999e-05,711.9941525,0.000489018,1108.772208,81.15314844,56.11008523,2797.049466867713,4384.575131198923,0.38947308212416254,Post-Processed,G7,0.691233192589467,0.011054577968481126,1.1370865405353396,0.7373523859254498,1108.772208,80.85227558,92.55736384237177,1.446689786776362
4/12/2021 9:54,40,LCA-3005,C1-052,,,1310.481013,54.88838353,108430.0855,,2878.5701010000002,,,56.71737719,39.19954405,25.1341328,,30.96212095,0.02123984,54.88838353,5.363005392,0.588263191,93.08597859,81.0730588,1.4499999999999998e-05,712.4540178999999,0.000491135,1106.069068,82.15399716,56.71737719,2766.105783314589,4314.057157364904,0.3906839159621264,Post-Processed,G7,0.6911381659748431,0.011054841943135765,1.136238555918179,0.7373523859254498,1106.069068,81.85150999,92.46381495250233,1.446888696400539
4/12/2021 9:54,40,LCA-3005,C1-052,,,1310.988386,55.10697343,108758.3105,,2866.163453,,,52.63801256,36.37993535,23.3482592,,30.98452043,0.020838318,55.10697343,5.362107568,0.588305737,93.59720705,81.0157881,1.4599999999999999e-05,712.4685902000001,0.000489245,1114.9269279999999,76.26986422,52.63801256,2989.5135726237627,4658.090762501043,0.3909085043656322,Post-Processed,G7,0.6911342883345366,0.011050611083569289,1.1369956937556527,0.7373523859254498,1114.9269279999999,75.98627176,92.98743728032154,1.4468968142352678
4/12/2021 9:54,40,LCA-3005,C1-052,,,1311.033297,55.24350243,108616.62199999999,,2866.990166,,,54.17509781,37.4446258,23.95706579,,30.92098365,0.020993538,55.24350243,5.366029553,0.583813198,93.41472365,80.96104095,1.4599999999999999e-05,712.1863996000001,0.000488064,1112.486855,78.42482519,54.17509781,2900.7265977271427,4533.803219146228,0.39016947529669843,Post-Processed,G7,0.6911778162602269,0.011050236737715075,1.1374685942501974,0.7373523859254498,1112.486855,78.1321636,92.7974925920181,1.446805693809337
4/12/2021 9:54,40,LCA-3005,C1-052,,,1311.181413,55.21234555,108968.8696,,2874.54156,,,51.05541613,35.28656987,22.56958166,,30.91315555,0.020698578000000002,55.21234555,5.365533749,0.58328479,93.80702055,80.98455414,1.4599999999999999e-05,712.1519476,0.0004883330000000001,1119.391919,73.90034462,51.05541613,3088.111709396933,4828.129791750867,0.390098218826343,Post-Processed,G7,0.6911425377505782,0.011049002328804316,1.1373606750245349,0.7373523859254498,1119.391919,73.62499779,93.20388817829948,1.4468795442032008
4/12/2021 9:54,40,LCA-3005,C1-052,,,1311.652672,54.79026949,108691.2129,,2884.798969,,,55.97465265,38.67087942,24.7836648,,30.94263632,0.021193768999999998,54.79026949,5.363560924,0.586471841,93.18284785,81.19639078,1.4599999999999999e-05,712.3214343999999,0.000491983,1107.9353130000002,81.05529906,55.97465265,2810.6734196426505,4385.5988925415095,0.39057352163895187,Post-Processed,G7,0.6908641249067223,0.011045076657960283,1.1358987147266535,0.7373523859254498,1107.9353130000002,80.75831745,92.56539256262852,1.4474626253534528
4/12/2021 9:54,40,LCA-3006,C1-052,,,1321.208586,61.05690213,153635.4539,,2886.327421,,,50.36328126,34.82859231,21.04475638,,29.78707468,0.038034191,61.05690213,7.604092056,0.782942989,95.80377735,79.27432501,1.47e-05,705.8871065000001,0.00044111800000000005,1637.649884,71.72935899,50.36328126,4411.187582102999,7300.414940702678,0.3766510666250171,Post-Processed,G7,0.6915473225463149,0.010966071676988088,1.1576046795735757,0.7373523859254498,1637.649884,71.40803764,95.26933348738966,1.4460326392674698
4/12/2021 9:54,40,LCA-3006,C1-052,,,1327.154557,61.64149035,154430.3352,,2940.644762,,,35.67273238,24.63898801,14.79863287,,29.64222628,0.03565672,61.64149035,7.549335525,0.784121817,97.03454761,79.44336369999999,1.47e-05,704.8204785,0.000436765,1659.050925,50.70190613,35.67273238,6267.722324363435,10435.446068336716,0.37524152166858604,Post-Processed,G7,0.6906952836563174,0.010917480355347417,1.1596295391883313,0.7373523859254498,1659.050925,50.47136525,96.61739727854732,1.447816459244261
4/12/2021 9:54,40,LCA-3006,C1-052,,,1330.888147,62.01782066,154743.6615,,3069.86241,,,30.57623535,21.10262408,12.58643457,,29.48491925,0.034816135,62.01782066,7.52730484,0.78121119,97.46329985,79.54514928,1.47e-05,703.8863140999999,0.000433987,1665.9961039999998,43.36127113,30.57623535,7332.910869916799,12294.479476247736,0.37360600368096064,Post-Processed,G7,0.6901642350159369,0.010887188406972254,1.1609330482575482,0.7373523859254498,1665.9961039999998,43.16266992,97.09403759999161,1.448930485331377
4/12/2021 9:54,40,LCA-3006,C1-052,,,1329.053767,62.36728923,155007.4243,,3226.62305,,,33.80800865,23.34884767,13.9924386,,29.60183124,0.035641321000000004,62.36728923,7.581912678999999,0.7833461190000001,97.20615422,79.28294062,1.47e-05,704.3930558,0.000431421,1670.896541,48.02398875,33.80800865,6638.761213863365,11077.942075086185,0.37471763824165666,Post-Processed,G7,0.6906306701385679,0.010902050352131607,1.162143515334732,0.7373523859254498,1670.896541,47.80044725,96.80454880519136,1.4479519129947707
4/12/2021 9:54,40,LCA-3006,C1-052,,,1325.698059,62.101624,154268.1657,,3383.912014,,,47.54865034,32.86032833,19.8117036,,29.73869641,0.037860269,62.101624,7.629912453999999,0.7848057079999999,96.06034368,79.16343905,1.47e-05,705.2006644999999,0.000433369,1650.0905970000001,67.67402242,47.54865034,4694.662942827632,7786.718841281272,0.3761332698599767,Post-Processed,G7,0.6910885607694411,0.010929343198847918,1.1612233209536822,0.7373523859254498,1650.0905970000001,67.36035394000001,95.54202543937777,1.4469925517022368
4/12/2021 9:54,40,LCA-3006,C1-052,,,1323.308018,61.69187353,153908.9623,,3483.869773,,,52.72044121,36.44957046,22.17769583,,29.93437063,0.038665723,61.69187353,7.640598043,0.784300672,95.61418822,79.16467848,1.47e-05,706.2091847,0.00043639300000000003,1640.387162,75.24436972,52.72044121,4222.517861188536,6939.808512109078,0.3782829600189431,Post-Processed,G7,0.6913745337375183,0.010948865497894901,1.159804053253026,0.7373523859254498,1640.387162,74.89813704,95.05946869646212,1.4463940327597484
4/12/2021 9:54,40,LCA-3006,C1-052,,,1323.478159,61.07319164,153307.1379,,3537.126893,,,57.64820509,39.83948675,24.49212756,,30.13560354,0.03918522,61.07319164,7.614476997000001,0.781422944,95.16150689,79.42114471,1.47e-05,707.1226371,0.000440996,1622.8600210000002,82.5144251,57.64820509,3848.120304913316,6259.445510580217,0.38071681898075477,Post-Processed,G7,0.6910793959292029,0.010947473449198749,1.1576611021455925,0.7373523859254498,1622.8600210000002,82.14033265,94.57735924738438,1.4470117411841406
4/12/2021 9:54,40,LCA-3006,C1-052,,,1323.588168,61.11246292,154097.3626,,3565.337171,,,54.52895271,37.68411107,23.06770252,,30.04577668,0.038979303,61.11246292,7.636440161,0.780394613,95.44988346,79.4129214,1.47e-05,706.7516797000001,0.0004407,1635.1820089999999,77.94947914,54.52895271,4089.186615381664,6680.221511717326,0.3797039323908684,Post-Processed,G7,0.691084445916548,0.010946573573044982,1.1577971275155388,0.7373523859254498,1635.1820089999999,77.59665523,94.88707863234363,1.4470011673808603
4/12/2021 9:54,40,LCA-3006,C1-052,,,1324.258542,61.15261312,154049.9077,,3587.241738,,,51.83983279,35.82018167,21.74578121,,29.86909571,0.038421062,61.15261312,7.616297704,0.7812219090000001,95.67962937,79.44217256,1.47e-05,706.0010917000001,0.00044039800000000005,1637.014901,73.91867154,51.83983279,4300.6456281884075,7084.128466682021,0.37775414710478306,Post-Processed,G7,0.690977955409412,0.010941093094254204,1.1579361972328595,0.7373523859254498,1637.014901,73.585614,95.13533547421926,1.4472241728862234
4/12/2021 9:54,40,LCA-3006,C1-052,,,1324.926685,60.97124321,153602.2527,,3617.862395,,,53.90699539,37.23710959,22.86070648,,30.0958277,0.038573111,60.97124321,7.5963232860000005,0.778256055,95.47560454,79.55968262,1.47e-05,706.8949809999999,0.000441763,1627.323469,77.11556209,53.90699539,4124.977861902842,6719.050998462407,0.380391634421001,Post-Processed,G7,0.6907658147259245,0.010935636312051553,1.1573079796370775,0.7373523859254498,1627.323469,76.76770187,94.91659169864381,1.4476686290516136
4/12/2021 9:54,40,LCA-3006,C1-052,,,1323.837591,60.50071203,153965.8266,,3651.756414,,,53.80010606,37.16483146,22.95573198,,30.21973952,0.038694551,60.50071203,7.6035739829999995,0.781055471,95.4810401,79.67380472,1.47e-05,707.5504602000001,0.000445309,1629.0304390000001,77.09931962,53.80010606,4142.782855499057,6707.075458719483,0.38182829079620484,Post-Processed,G7,0.6907947619759768,0.010944533835017492,1.1556781835664942,0.7373523859254498,1629.0304390000001,76.75583804,94.92586109098544,1.4476079655548637
4/12/2021 9:54,40,LCA-3006,C1-052,,,1323.055575,60.03048133,154221.7688,,3673.489443,,,53.93098711,37.2534405,22.78067189,,30.00228131,0.038723992,60.03048133,7.602020969,0.77711509,95.48345828,79.81010477,1.47e-05,706.8314532,0.000448919,1628.83314,77.04677826,53.93098711,4139.79935088143,6769.851633203957,0.3794621254997454,Post-Processed,G7,0.6907613321450293,0.010950931572235903,1.154049428279485,0.7373523859254498,1628.83314,76.711659,94.93265185822881,1.447678023456652
4/12/2021 9:54,40,LCA-3007,C1-052,,,1326.411629,61.52600106,187911.1122,,3703.103228,,,33.97774157,23.47445972,15.652922199999997,,31.87220938,0.051781617,61.52600106,9.151115401,0.814566648,97.6012758,79.43907267,1.47e-05,713.7316927,0.00043761699999999995,2029.2959190000001,49.87354098,33.97774157,8004.917448212947,12004.85824940726,0.40005033385581545,Post-Processed,G7,0.6908775755927912,0.010923528114705866,1.1592295147074105,0.7373523859254498,2029.2959190000001,49.63066377,97.24909410288002,1.447434444723399
4/12/2021 9:54,40,LCA-3007,C1-052,,,1326.66043,61.59859211,187643.2445,,3759.841209,,,38.71120075,26.74211528,17.70658902,,31.71812382,0.05278359,61.59859211,9.165425466,0.816113199,97.27188449,79.42709485,1.47e-05,713.0901911000001,0.000437082,2021.416339,56.69322948,38.71120075,7016.7689629374745,10597.36826150156,0.39836007143182345,Post-Processed,G7,0.6908107927910244,0.01092150201950262,1.1594809509842787,0.7373523859254498,2021.416339,56.41778977,96.88040648725918,1.4475743726582275
4/12/2021 9:54,40,LCA-3007,C1-052,,,1326.374552,60.73590892,185754.6372,,3861.2305,,,53.87815244,37.19892722,24.97674403,,31.99925682,0.055310309,60.73590892,9.125115639,0.810702192,96.14409621,79.75164841,1.47e-05,714.4053012,0.000443535,1975.583854,79.23171118,53.87815244,4993.548230609431,7437.103770486933,0.4017124950621261,Post-Processed,G7,0.6904269269705493,0.01092383011327184,1.1564928436430812,0.7373523859254498,1975.583854,78.85489647,95.6414486193146,1.4483791997913427
4/12/2021 9:54,40,LCA-3007,C1-052,,,1325.70264,60.67147123,186265.4812,,3928.036853,,,51.33730192,35.45076044,23.84915305,,32.04447952,0.055001798,60.67147123,9.138099842999999,0.812384902,96.33282696,79.73190891,1.47e-05,714.6393537,0.00044402,1984.5004350000002,75.54544731,51.33730192,5254.202699410416,7810.150775983217,0.40217854709049083,Post-Processed,G7,0.6905458431618333,0.010929305847234977,1.156269648457675,0.7373523859254498,1984.5004350000002,75.18645497,95.84794369184709,1.4481297800899866
4/12/2021 9:54,40,LCA-3007,C1-052,,,1325.486706,60.61096095,186490.0557,,3971.8233619999996,,,50.13144035,34.61929108,23.36371326,,32.11360543,0.054843244000000006,60.61096095,9.141641479,0.81102028,96.41854048,79.74145646,1.47e-05,714.9396377999999,0.000444475,1988.0529399999998,73.84607868,50.13144035,5386.882569866881,7982.0383697004845,0.40294071557589795,Post-Processed,G7,0.6905704451797186,0.010931066763000333,1.1560600567860375,0.7373523859254498,1988.0529399999998,73.49515361,95.94216391390788,1.448078189531777
4/12/2021 9:54,40,LCA-3007,C1-052,,,1326.059039,61.21479591,187139.8724,,4018.216084,,,43.98709089,30.38343675,20.12323574,,31.71737841,0.053731314,61.21479591,9.158191927999999,0.817620255,96.89033986,79.53886296,1.47e-05,713.2053133,0.00043993,2007.162836,64.41915947,43.98709089,6159.2726964963895,9299.690905474628,0.39842727203983336,Post-Processed,G7,0.690735307456019,0.010926400696940878,1.1581515820386017,0.7373523859254498,2007.162836,64.11032663,96.45852123201031,1.4477325673172898
4/12/2021 9:54,40,LCA-3007,C1-052,,,1326.147307,61.59049264,187156.6388,,4071.3906869999996,,,42.80525058,29.57310062,19.63496857,,31.77966033,0.053564452,61.59049264,9.169065044,0.816577358,96.97624965,79.39576273,1.47e-05,713.3671383,0.000437141,2012.345832,62.74558406,42.80525058,6328.610625070128,9531.802311410574,0.39901928470687065,Post-Processed,G7,0.6908755402501373,0.010925681427899056,1.1594528965535822,0.7373523859254498,2012.345832,62.440219150000004,96.55141379745105,1.4474387089141145
4/12/2021 9:54,40,LCA-3007,C1-052,,,1326.261488,61.66770586,187453.8103,,4131.458625,,,42.17845853,29.14062297,19.35043869,,31.78390089,0.05358723,61.66770586,9.182389062,0.8174199000000001,97.02555888,79.37290094,1.47e-05,713.3605446,0.000436572,2016.9010829999997,61.83065153,42.17845853,6432.731739914482,9687.315791805442,0.3990516608128229,Post-Processed,G7,0.6908887613631811,0.010924751142180535,1.1597203428098601,0.7373523859254498,2016.9010829999997,61.528897220000005,96.60571911474028,1.4474110101703155
4/12/2021 9:54,40,LCA-3007,C1-052,,,1326.304982,61.60613152,187040.985,,4190.772010000001,,,44.3218123,30.61929667,20.52965568,,31.99142564,0.053922242,61.60613152,9.173025981,0.81406338,96.85839805,79.40018828,1.47e-05,714.1936742,0.00043702599999999997,2009.277695,65.17091811,44.3218123,6108.598346194474,9110.770678059418,0.4013700132022352,Post-Processed,G7,0.6908403578524248,0.01092439681799652,1.1595070655146535,0.7373523859254498,2009.277695,64.85146798,96.42062646387096,1.447512422564081
4/12/2021 9:54,40,LCA-3007,C1-052,,,1325.543949,61.22680031,186074.8,,4245.042597,,,53.81986924,37.17807449,25.39114419,,32.38784468,0.055771285,61.22680031,9.171876172000001,0.810838682,96.14560052,79.49930948,1.47e-05,715.8928041,0.00043983900000000003,1985.594449,79.60087796,53.81986924,5004.960653625287,7328.334580262174,0.4058088741663667,Post-Processed,G7,0.6907871575126108,0.010930599897957858,1.1581931621182675,0.7373523859254498,1985.594449,79.21101343000001,95.6385499073155,1.4476239014066272
4/12/2021 9:54,40,LCA-3007,C1-052,,,1321.819843,61.3967153,186947.3673,,4281.289718,,,51.64465721,35.71738895,24.95697502,,32.91793282,0.056109495,61.3967153,9.24239517,0.817759239,96.30369531,79.18075945,1.47e-05,718.1810347,0.000438572,2005.830131,76.9872775,51.64465721,5234.071492787549,7490.786329280062,0.4113265205769573,Post-Processed,G7,0.6915989161233896,0.010961056459558057,1.1587817028883718,0.7373523859254498,2005.830131,76.60163223,95.80827708560484,1.4459247646096482
4/12/2021 9:54,40,LCA-3007,C1-052,,,1322.891652,61.16594612,186503.456,,4307.210195000001,,,53.04168745,36.66715594,25.49779257,,32.79928181,0.05605699,61.16594612,9.209331779,0.816154666,96.19446374,79.34458707,1.47e-05,717.6967936000001,0.00044029800000000005,1995.15955,78.93023897,53.04168745,5086.390019045475,7314.494205252686,0.4101634953642464,Post-Processed,G7,0.6912893933580916,0.010952273588157771,1.1579823792329749,0.7373523859254498,1995.15955,78.53948002,95.69086316542244,1.4465721731130259
4/12/2021 9:54,40,LCA-3008,C1-052,,,1322.785668,58.28878292,114525.1289,,4342.726042,,,68.48211331,47.25517512,25.50672532,,27.40954262,0.024271099999999997,58.28878292,5.709754112000001,0.638677721,92.52347802,80.50198698,1.4599999999999999e-05,696.8843555,0.000462615,1167.481363,94.34037997,68.48211331,2423.5468096176637,4489.997342395029,0.35055056514134114,Post-Processed,G8,0.6900367531896775,0.010953141440244023,1.1480166437469936,0.7373523859254498,1167.481363,93.98883863,91.86833688249621,1.449198170064892
4/12/2021 9:54,40,LCA-3008,C1-052,,,1323.253231,58.08517796,112805.0693,,4307.644542,,,75.20950445,51.88325287,27.93345544,,27.35130669,0.024464898,58.08517796,5.648809774,0.6329094679999999,91.67248919,80.61829005,1.4599999999999999e-05,696.6592336,0.00046425199999999996,1139.642768,103.5249239,75.20950445,2174.209654561314,4038.349982955063,0.34997002546771655,Post-Processed,G8,0.6898496838852659,0.010949313826005126,1.1473114097946775,0.7373523859254498,1139.642768,103.14295989,91.01570497443902,1.4495911549425562
4/12/2021 9:54,40,LCA-3008,C1-052,,,1323.18249,58.11115669,114022.6365,,4233.002264,,,69.59771638,48.01429536,26.19582622,,27.61706533,0.0242489,58.11115669,5.685984756,0.639164799,92.34105796,80.60260747,1.4599999999999999e-05,697.7162007000001,0.000464041,1159.270718,96.15210643,69.59771638,2374.764341433834,4352.70243215104,0.35299532816100265,Post-Processed,G8,0.6898832010211999,0.010949892761783379,1.147401393272654,0.7373523859254498,1159.270718,95.7935426,91.68533592950958,1.449520728320025
4/12/2021 9:54,40,LCA-3008,C1-052,,,1323.604234,58.08391327,112940.5218,,4158.099805,,,76.30727094,52.63505419,28.63664148,,27.55784966,0.024687345,58.08391327,5.660332317999999,0.6324934870000001,91.53840465,80.64301409,1.4599999999999999e-05,697.4578755,0.000464263,1139.5297679999999,105.3354581,76.30727094,2145.728232601635,3943.9164637682225,0.3523568844469269,Post-Processed,G8,0.6897777045569703,0.010946442165175117,1.147307029241634,0.7373523859254498,1139.5297679999999,104.94391242,90.88089291769771,1.4497424219332793
4/12/2021 9:54,40,LCA-3008,C1-052,,,1324.115447,57.23612453,113816.315,,4091.6496810000003,,,68.96410926,47.53965581,26.10884551,,27.7244438,0.023997268,57.23612453,5.645731724,0.630153993,92.34639294,81.03188981,1.4599999999999999e-05,698.2418748,0.00047119,1151.291939,95.41830307,68.96410926,2394.1341825209147,4359.300948653858,0.3545061344365724,Post-Processed,G8,0.689339082605589,0.010942262471734146,1.1443705123520698,0.7373523859254498,1151.291939,95.07295477,91.70359479869802,1.450664883557978
4/12/2021 9:54,40,LCA-3008,C1-052,,,1324.947808,55.9038406,114068.80900000001,,4030.2554840000003,,,64.56545625,44.46150473,24.4083468,,27.68186261,0.023354084,55.903840599999995,5.596713602,0.611860834,92.79361591,81.65421849,1.4599999999999999e-05,698.2559256,0.000482373,1149.6183429999999,89.27975551,64.56545625,2565.5633945072736,4673.3525189014445,0.3544126531094323,Post-Processed,G8,0.6886268186171147,0.010935463887425107,1.139755831739373,0.7373523859254498,1149.6183429999999,88.97380305,92.17666189178256,1.4521653426280698
4/12/2021 9:54,40,LCA-3008,C1-052,,,1325.638895,56.71634264,114424.8648,,3983.9283520000004,,,57.22810937,39.42104334,21.75408577,,27.80063042,0.022660587000000003,56.71634264,5.601265006,0.60508679,93.63435468,81.35675390000002,1.4599999999999999e-05,698.5387278,0.000475509,1165.920068,79.26400147,57.22810937,2902.634103646228,5259.925239322066,0.35560343045428844,Post-Processed,G8,0.6888405675806795,0.01092982562101007,1.1425701247945812,0.7373523859254498,1165.920068,78.98219514,93.02659737620054,1.45171473206371
4/12/2021 9:54,40,LCA-3008,C1-052,,,1325.624414,57.66963821,114751.8993,,3950.5727409999995,,,60.86862652,41.95247084,23.11320217,,27.78901628,0.02333297,57.66963821,5.659647557,0.634008119,93.28747656,80.95508869,1.4599999999999999e-05,698.3205692,0.00046763699999999997,1171.4608289999999,84.29275352,60.86862652,2735.2834529733746,4964.777206377025,0.3552288188342832,Post-Processed,G8,0.6892297927277101,0.010929943705304057,1.1458720895529857,0.7373523859254498,1171.4608289999999,83.98182869,92.65698441337736,1.4508949127726753
4/12/2021 9:54,40,LCA-3008,C1-052,,,1325.886712,56.14013741,113620.9512,,3922.0814229999996,,,67.04080006,46.15973266,25.54005419,,27.83868808,0.023548048999999998,56.14013741,5.590404312,0.610972029,92.48056057,81.61915101,1.4599999999999999e-05,698.7771265,0.000480371,1142.614567,92.90407598,67.04080006,2461.473337311135,4448.7357135086795,0.35620823034566657,Post-Processed,G8,0.6885319479882115,0.010927805210128183,1.1405743016491237,0.7373523859254498,1142.614567,92.58085424999999,91.85598431888572,1.452365431875532
4/12/2021 9:54,40,LCA-3008,C1-052,,,1325.542104,56.28063881,114175.0706,,3886.743421,,,73.51746787,50.62788329,28.13923446,,27.93456064,0.0245953,56.28063881,5.650937299,0.645004074,91.80389153,81.53515792,1.4599999999999999e-05,699.1571995,0.00047918,1142.659661,102.014875,73.51746787,2255.1815952090537,4057.5045054015304,0.357245958260292,Post-Processed,G8,0.6886510751366551,0.010930614944870147,1.1410609614909464,0.7373523859254498,1142.659661,101.65670233,91.17319801020325,1.4521141926650754
4/12/2021 9:54,40,LCA-3008,C1-052,,,1321.520752,55.86583607,113804.8131,,3843.551583,,,70.91423828,48.88062788,27.22762272,,27.99324154,0.024184842,55.86583607,5.629916991,0.614480871,92.06798764,81.43043469,1.4599999999999999e-05,699.7315321000001,0.00048269599999999996,1143.103225,98.48275328,70.91423828,2328.219133751438,4179.755767528132,0.357748634416779,Post-Processed,G8,0.6892921515563376,0.010963509856369649,1.1396241940577676,0.7373523859254498,1143.103225,98.141861,91.44054518074908,1.4507636533248232
4/12/2021 9:54,40,LCA-3008,C1-052,,,1317.614062,55.38731342,115849.03199999999,,3799.851807,,,75.0236905,51.7573487,28.89622405,,28.05192243,0.025463798,55.38731342,5.748704512000001,0.653197679,91.76223804,81.36093463,1.4599999999999999e-05,700.3097147000001,0.00048682,1161.539514,104.2747673,75.0236905,2238.310788898659,4009.140841361935,0.3582758093007108,Post-Processed,G8,0.6898800679500031,0.010995656983753415,1.1379667176400408,0.7373523859254498,1161.539514,103.91991455,91.13896168133708,1.4495273112782145
4/12/2021 9:55,40,LCA-3009,C1-052,,,1318.509111,60.28735929,109755.8975,,3736.510105,,,35.86577765,24.81116747,13.4404076,,27.55244813,0.01901733,60.28735929,5.410293101000001,0.59112446,95.9343888,79.39795919,1.4599999999999999e-05,697.3570321000001,0.00044694699999999995,1168.1671939999999,49.50585178,35.86577765,4423.649053705734,8166.113764287923,0.3513687364612879,Post-Processed,G8,0.691778321722797,0.010988275223274656,1.1549391858718034,0.7373523859254498,1168.1671939999999,49.30618525,95.419157298372,1.44554977887947
4/12/2021 9:55,40,LCA-3009,C1-052,,,1318.19681,60.31071145,107934.6553,,3741.102503,,,57.14994562,39.53485172,21.52759476,,27.65612478,0.021007955,60.31071145,5.424206412,0.582665621,93.43868323,79.36740325,1.4599999999999999e-05,697.7837656,0.000446768,1124.992836,78.99762827,57.14994562,2730.114079203634,5013.781451356157,0.3525504790747454,Post-Processed,G8,0.6917740916653562,0.01099084974523003,1.155020071603133,0.7373523859254498,1124.992836,78.67754038,92.77519932578866,1.4455586181214592
4/12/2021 9:55,40,LCA-3009,C1-052,,,1318.954746,60.0498099,104513.3405,,3735.003434,,,44.65421504,30.88059128,16.77311165,,27.59677576,0.018419774,60.04980989999999,5.193316398,0.5732684,94.68605894,79.52341118,1.4599999999999999e-05,697.549085,0.000448771,1098.939694,61.67434602,44.65421504,3384.4345644925747,6231.004877380638,0.3519791877378038,Post-Processed,G8,0.6915493028449393,0.010984603620941974,1.15411637735486,0.7373523859254498,1098.939694,61.42732669,94.08440484668424,1.4460284984543208
4/12/2021 9:55,40,LCA-3009,C1-052,,,1319.032618,60.21992869,111791.2914,,3721.777077,,,60.43035798,41.79179341,22.76906653,,27.66022159,0.022665143,60.21992869,5.61735951,0.606346885,93.29525644,79.46053072,1.4599999999999999e-05,697.7629827999999,0.000447465,1162.399418,83.53683036,60.43035798,2674.9579828572378,4909.788078167648,0.35267601068450083,Post-Processed,G8,0.6915695158355902,0.010983962282640229,1.1547056240344835,0.7373523859254498,1162.399418,83.19942451,92.62856750012374,1.4459862343581584
4/12/2021 9:55,40,LCA-3009,C1-052,,,1314.926528,59.71646542,104279.2826,,3708.0053159999998,,,56.64937925,39.21206429,21.34753307,,27.65787396,0.01977379,59.71646542,5.24578057,0.567517129,93.26882898,79.38249726,1.4599999999999999e-05,698.1179859,0.00045133300000000005,1085.0500880000002,78.30759525,56.64937925,2659.367327075246,4884.839960573487,0.3525045409912217,Post-Processed,G8,0.69218877257159,0.011017881672119001,1.1529617598783843,0.7373523859254498,1085.0500880000002,77.99691232,92.60519652889151,1.4446926035579037
4/12/2021 9:55,40,LCA-3009,C1-052,,,1312.063305,59.31894683,108881.123,,3686.9377659999996,,,60.64504108,42.002696500000006,22.91224135,,27.70538045,0.021758715,59.31894683,5.486714357,0.604133724,93.09956908,79.34776128,1.4599999999999999e-05,698.5686281000001,0.000454446,1131.776771,83.88596752,60.64504108,2592.24126241514,4752.09392816561,0.35295791860640285,Post-Processed,G8,0.6925990279170903,0.011041658286054218,1.1515848601881964,0.7373523859254498,1131.776771,83.55728243,92.43413226500596,1.4438368517602196
4/12/2021 9:55,40,LCA-3009,C1-052,,,1311.072625,59.12690515,107988.9967,,3665.804025,,,63.42113849,43.93269325,24.03645776,,27.76633833,0.021808112999999997,59.12690515,5.45612015,0.593768915,92.72293768,79.35785787,1.4599999999999999e-05,698.9112127999999,0.00045594900000000004,1118.730534,87.79997722,63.42113849,2458.05546419579,4492.716762937868,0.35363775187457647,Post-Processed,G8,0.6927137275677752,0.01104990894856923,1.1509196783920566,0.7373523859254498,1118.730534,87.45759625,92.05006926078319,1.4435977810215401
4/12/2021 9:55,40,LCA-3009,C1-052,,,1312.375115,59.73993935,105854.95199999999,,3642.2561259999998,,,46.91408677,32.49887708,17.76422419,,27.75460715,0.019189697,59.73993935,5.289500474,0.5699632570000001,94.50040644,79.19962234,1.4599999999999999e-05,698.6627745,0.000451149,1115.825268,64.93713291,46.91408677,3257.187986508732,5958.884039506146,0.3534247537686805,Post-Processed,G8,0.6927317425857249,0.011039063993086781,1.15304306738892,0.7373523859254498,1115.825268,64.67831096,93.88771772047772,1.4435602391588847
4/12/2021 9:55,40,LCA-3009,C1-052,,,1312.538622,59.42739644,110949.8393,,3627.05115,,,67.83244459,46.97654941,26.50933918,,28.38906774,0.023480674,59.42739644,5.624839226000001,0.598794236,92.37013741,79.33629737,1.4599999999999999e-05,701.2254856000001,0.000453596,1146.761262,94.72358822,67.83244459,2361.813302455584,4185.3113933411905,0.3607405406486084,Post-Processed,G8,0.6925380574729483,0.011037704084320251,1.1519605010718341,0.7373523859254498,1146.761262,94.34178376999999,91.68461350423141,1.4439639658923173
4/12/2021 9:55,40,LCA-3009,C1-052,,,1312.426389,58.82493872,103657.901,,3610.525942,,,63.71124692,44.10870763,24.27705001,,27.87146425,0.020388093,58.82493872,5.237001678,0.5614862629999999,92.35911554,79.57143483,1.4599999999999999e-05,699.2976838,0.000458333,1067.689869,88.33015429999999,63.71124692,2350.0552741086967,4269.789820315981,0.35500155072932815,Post-Processed,G8,0.6923221528749197,0.011038637504564906,1.149873746215868,0.7373523859254498,1067.689869,87.98829693,91.68468723513888,1.4444142742615196
4/12/2021 9:55,40,LCA-3009,C1-052,,,1312.684788,58.71480807,109068.5346,,3584.647536,,,59.23775618,41.00675904,22.94863051,,28.20378675,0.021658301,58.71480807,5.474598009,0.581136455,93.20160051,79.63372723,1.4599999999999999e-05,700.6194259,0.00045921199999999997,1131.133202,82.50819019,59.23775618,2659.7696856171738,4752.725203034349,0.35882246471282736,Post-Processed,G8,0.6922402481855787,0.011036488686489645,1.1494922826524527,0.7373523859254498,1131.133202,82.18638669,92.54510089515271,1.4445851749029128
4/12/2021 9:55,40,LCA-3009,C1-052,,,1312.312358,59.1483358,107631.6617,,3564.1863719999997,,,59.26004628,41.03663036,23.40560054,,28.60172388,0.021306425,59.1483358,5.422558764,0.572160369,93.09082182,79.43317302,1.4599999999999999e-05,702.1369513999999,0.000455781,1118.2907480000001,82.99926762,59.26004628,2622.819192408955,4598.54305024382,0.3632028285352238,Post-Processed,G8,0.6924839404630988,0.011039586040129348,1.1509939085188678,0.7373523859254498,1118.2907480000001,82.66564681999999,92.42353381878168,1.4440768104040793
4/12/2021 9:55,40,LCA-3010,C1-052,,,1311.982541,61.7277219,140657.2379,,3539.3463509999997,,,73.00428603,50.63279794,25.57504414,,26.24304532,0.035514288,61.727721900000006,7.133684453,0.7930330309999999,93.75800933,78.38969493,1.4599999999999999e-05,692.3272688,0.000436129,1486.724997,98.97952858,73.00428603,2777.9866731180687,5499.784756187717,0.33559596285579535,Post-Processed,G8,0.6935592510170324,0.011042330450114936,1.1599282225643197,0.7373523859254498,1486.724997,98.57933017,93.09175026875378,1.4418378797970097
4/12/2021 9:55,40,LCA-3010,C1-052,,,1313.090734,61.39286047,139837.3847,,3531.099132,,,75.18894897,52.12167372,26.29504998,,26.20619841,0.035397675,61.39286047,7.085074639,0.788787612,93.52264929,78.59395048,1.4599999999999999e-05,692.173135,0.00043860000000000004,1471.1383560000002,101.8906024,75.18894897,2682.9028064450267,5318.01174770005,0.3353245167522856,Post-Processed,G8,0.6932092339899082,0.01103311457256196,1.1587683507726059,0.7373523859254498,1471.1383560000002,101.48399895,92.85182952032159,1.4425658963662307
4/12/2021 9:55,40,LCA-3010,C1-052,,,1317.557056,61.41172075,139462.1222,,3513.8621450000005,,,73.10214207,50.61106758,25.60585628,,26.23697145,0.034802797,61.41172075,7.033108048,0.7924060409999999,93.65837265,78.88758495,1.47e-05,691.9962061000001,0.00043846099999999996,1463.650052,99.10404102,73.10214207,2755.565706642223,5446.49320354617,0.3359602432529872,Post-Processed,G8,0.6923335780165873,0.010996127466761261,1.1588336778147672,0.7373523859254498,1463.650052,98.70799835,92.99482643324083,1.444390438009409
4/12/2021 9:55,40,LCA-3010,C1-052,,,1319.489461,61.33675349,139246.4767,,3497.176193,,,72.41319132,50.10433782,25.45904954,,26.30817899,0.034557329,61.33675349,7.006773567000001,0.7918861220000001,93.68974708,79.04723938,1.47e-05,692.1647052,0.000439014,1458.961055,98.26489606,72.41319132,2779.130166338959,5469.429504083521,0.33692308443913044,Post-Processed,G8,0.6919227962013814,0.010980201322451137,1.1585740109723481,0.7373523859254498,1458.961055,97.87224085999999,93.0291581096222,1.4452479459990994
4/12/2021 9:55,40,LCA-3010,C1-052,,,1313.000074,61.06713582,141483.0142,,3482.367325,,,68.78212494,47.67383173,24.23979127,,26.3515127,0.03510404,61.06713582,7.12759151,0.7930832390000001,94.11712899,78.71582313,1.4599999999999999e-05,692.8154745,0.000441041,1494.1393449999998,93.39244765,68.78212494,2967.7290258791622,5836.808272153079,0.33706814173442495,Post-Processed,G8,0.6931136799217358,0.011033867935151076,1.157640126380203,0.7373523859254498,1494.1393449999998,93.02191621,93.47472624370072,1.4427647714483385
4/12/2021 9:55,40,LCA-3010,C1-052,,,1308.083391,60.93157573,141072.4693,,3470.5591719999998,,,68.81430298,47.75894798,24.24079949,,26.34197354,0.03505942,60.93157573,7.132218279,0.787299773,94.11852362,78.44039874,1.4599999999999999e-05,693.1260806,0.00044206199999999996,1495.021318,93.42403847,68.81430298,2953.8437353996337,5819.629396225,0.33667895154910604,Post-Processed,G8,0.6940264728668477,0.011074879034084783,1.1571705819346896,0.7373523859254498,1495.021318,93.05510247,93.47498011630046,1.4408672278295858
4/12/2021 9:55,40,LCA-3010,C1-052,,,1309.467582,60.82992676,141735.90300000002,,3461.1871380000002,,,71.03885977,49.28048937,25.04515949,,26.35694861,0.035626432,60.82992676,7.162515064,0.791554522,93.94743065,78.57283226,1.4599999999999999e-05,693.1138234,0.00044282699999999997,1497.301777,96.46376465,71.03885977,2876.1058344173666,5659.213432303841,0.33696523170857384,Post-Processed,G8,0.6937117167921008,0.011063302402259738,1.1568184966767372,0.7373523859254498,1497.301777,96.08401926,93.29779699329353,1.4415209888975988
4/12/2021 9:55,40,LCA-3010,C1-052,,,1310.511073,61.05887257,141015.1668,,3450.857077,,,68.66574424,47.62646555,24.26327552,,26.40318777,0.034975302,61.05887257,7.119401936,0.79036441,94.11585184,78.5527668,1.4599999999999999e-05,693.1844785000001,0.000441104,1492.314317,93.29988917,68.66574424,2960.857270669333,5811.876746969405,0.3375067869054435,Post-Processed,G8,0.6935986215125891,0.011054591189853769,1.1576115046587259,0.7373523859254498,1492.314317,92.92901975999999,93.47191135045911,1.441756037258574
4/12/2021 9:55,40,LCA-3010,C1-052,,,1311.355131,61.17861335,140967.6909,,3440.641568,,,70.00525233,48.54701247,24.73924271,,26.40648826,0.035155412000000004,61.17861335,7.122142811,0.789062783,93.99934455,78.56210276,1.4599999999999999e-05,693.1194205,0.000440202,1490.106238,95.12421771,70.00525233,2903.735651851122,5698.140907240406,0.3375700211347598,Post-Processed,G8,0.6934767157348806,0.01104755490243639,1.1580262551811726,0.7373523859254498,1490.106238,94.74449504,93.34903635053344,1.442009482525012
4/12/2021 9:55,40,LCA-3010,C1-052,,,1311.312779,60.65821226,140782.4795,,3431.703139,,,71.89874747,49.84598945,25.42373362,,26.41281523,0.035281587,60.65821226,7.10389889,0.783474193,93.81485341,78.76380114,1.4599999999999999e-05,693.246311,0.00044411900000000004,1481.974543,97.70552807,71.89874747,2824.34918141644,5537.4431467945815,0.3377683958841753,Post-Processed,G8,0.6932803588935733,0.011047907746290444,1.1562237228779806,0.7373523859254498,1481.974543,97.32248109,93.16233348780433,1.4424179008849027
4/12/2021 9:55,40,LCA-3010,C1-052,,,1311.887304,61.61392054,142389.5028,,3421.6351329999998,,,57.67940445,40.00464275,20.41276349,,26.43901257,0.033916306,61.61392054,7.148221261000001,0.781217858,95.10153576,78.42764677,1.4599999999999999e-05,693.1295874,0.000436969,1522.301958,78.41031838,57.67940445,3559.3244436609793,6975.5132797063525,0.33786229433473275,Post-Processed,G8,0.6935689286576884,0.011043123171890013,1.159534044628322,0.7373523859254498,1522.301958,78.09216794,94.51018620155935,1.441817761264722
4/12/2021 9:55,40,LCA-3010,C1-052,,,1311.603494,61.04546494,140516.4004,,3417.3630200000002,,,72.81269631,50.48622549,25.73075369,,26.4046331,0.035362772,61.04546494,7.106513994,0.780608825,93.7364074,78.63103141,1.4599999999999999e-05,693.1211651000001,0.000441204,1480.612599,98.93652192,72.81269631,2783.2621479661343,5461.029322845304,0.3375987078841347,Post-Processed,G8,0.6933711845397804,0.011045486189033595,1.1575650641599478,0.7373523859254498,1480.612599,98.54345,93.0763552323797,1.4422289565779143
4/12/2021 9:55,40,LCA-3011,C1-052,,,1308.640819,56.90908452,149957.2132,,3407.306132,,,21.747848,15.06284933,8.315988015,,27.921871,0.030953801,56.90908452,7.197932357000001,0.757880329,98.16248018,80.09728414,1.4599999999999999e-05,700.1051001000001,0.00047390800000000004,1611.856131,30.17260339,21.747848,9955.43471986651,18032.39890792459,0.35570579889331105,Post-Processed,K3,0.6926133256954895,0.011070214092425439,1.1432377318990898,0.7373523859254498,1611.856131,30.063836015,97.89681281768489,1.443807046299387
4/12/2021 9:55,40,LCA-3011,C1-052,,,1312.539905,57.94936279,149875.8393,,3424.3751090000005,,,21.576359399999998,14.93663218,8.377395861,,28.24107619,0.030977622000000003,57.94936279,7.208381191,0.7565436,98.17158006,79.93588967,1.4599999999999999e-05,700.9226209,0.000465359,1614.403473,30.0678414,21.576359399999998,10034.11193995138,17890.504613459856,0.3593285487290111,Post-Processed,K3,0.6922684176274891,0.011037693414768962,1.1468409818192316,0.7373523859254498,1614.403473,29.953755260999998,97.90365889031285,1.4445263925619407
4/12/2021 9:55,40,LCA-3011,C1-052,,,1312.574672,59.21787064,150208.9683,,3458.308625,,,21.24970887,14.72139249,8.330875387,,28.45128641,0.031275474,59.21787064,7.269298159,0.75107043,98.20943766,79.42297245,1.4599999999999999e-05,701.5104424,0.000455237,1628.9769310000001,29.69963792,21.24970887,10203.448376370272,18030.39432499436,0.3613907070424072,Post-Processed,K3,0.69278090255549,0.011037404296908776,1.1512347588892953,0.7373523859254498,1628.9769310000001,29.580584256999998,97.94140329988782,1.44345780363064
4/12/2021 9:55,40,LCA-3011,C1-052,,,1311.528517,58.76532704,150288.2291,,3492.36295,,,21.16605343,14.66397602,8.315659681,,28.48957964,0.031252846,58.76532704,7.262733473,0.7555417529999999,98.21398296,79.53472075,1.4599999999999999e-05,701.8172168,0.000458809,1627.6397359999999,29.59855826,21.16605343,10248.804887230033,18072.917226685626,0.3618708228972546,Post-Processed,K3,0.6928063405157906,0.011046110620399417,1.1496672670579409,0.7373523859254498,1627.6397359999999,29.481713111,97.94804942421953,1.443404803794817
4/12/2021 9:55,40,LCA-3011,C1-052,,,1312.535008,56.76922485,149617.0323,,3526.1957159999997,,,21.47718886,14.85766217,8.469167395,,28.54385631,0.030692418,56.76922485,7.153502746,0.766687033,98.15815376,80.42309164,1.4599999999999999e-05,702.3476697000001,0.00047507,1601.809519,30.05646226,21.47718886,10070.025188895515,17666.085144134762,0.3630655152428984,Post-Processed,K3,0.6917880299349382,0.011037734138802425,1.142753294840957,0.7373523859254498,1601.809519,29.946356254999998,97.8932728225584,1.4455294927465698
4/12/2021 9:55,40,LCA-3011,C1-052,,,1312.673379,57.86449559,150242.1031,,3559.288918,,,20.71864292,14.341976999999998,8.200565349,,28.63151036,0.030994005,57.86449559,7.218618423,0.763632917,98.23788916,79.97986988,1.4599999999999999e-05,702.4795228999999,0.00046605,1618.45489,29.03051897,20.71864292,10475.689864793398,18320.94455759943,0.36378174307228406,Post-Processed,K3,0.69222569525321,0.011036583544843402,1.146547024192276,0.7373523859254498,1618.45489,28.919208269000002,97.97872724643187,1.4446155449837914
4/12/2021 9:55,40,LCA-3011,C1-052,,,1313.120233,58.17694039,150200.8127,,3592.023136,,,21.08277131,14.59469957,8.379031834,,28.71881033,0.031082749,58.17694039,7.227548167999999,0.76101012,98.20655828,79.88208532,1.4599999999999999e-05,702.7374623,0.000463508,1619.5933400000001,29.57690718,21.08277131,10291.463142464674,17925.795685668953,0.3647222859296209,Post-Processed,K3,0.6922571684433834,0.011032869465215983,1.1476292506821637,0.7373523859254498,1619.5933400000001,29.461803143999997,97.94225311647669,1.4445498661265008
4/12/2021 9:55,40,LCA-3011,C1-052,,,1313.643616,58.31434501,150273.8811,,3624.911811,,,20.84795145,14.43123414,8.321106255,,28.80762179,0.031087512,58.31434501,7.231924222999999,0.760424757,98.22559834,79.86223304,1.4599999999999999e-05,703.0293876000001,0.00046241,1621.0732289999999,29.28396547,20.84795145,10413.099783578176,18059.363321998582,0.3657252884994911,Post-Processed,K3,0.6922135335268157,0.011028522483128815,1.148105184093752,0.7373523859254498,1621.0732289999999,29.169057705,97.96329476769874,1.4446409259076716
4/12/2021 9:55,40,LCA-3011,C1-052,,,1313.376988,57.40123475,150385.1802,,3657.327197,,,20.22025517,13.99055799,8.106428228,,28.88889087,0.030893313999999998,57.40123475,7.202319147000001,0.7498859859999999,98.27052332,80.21868458,1.4599999999999999e-05,703.5444213999999,0.00046982400000000003,1615.688883,28.43473462,20.22025517,10749.048058518501,18551.349123225715,0.3668567354853387,Post-Processed,K3,0.6919080828790549,0.011030736546390588,1.1449424106644601,0.7373523859254498,1615.688883,28.326683398,98.01742004758599,1.4452786789814094
4/12/2021 9:55,40,LCA-3011,C1-052,,,1313.637319,57.17692238,150107.0012,,3689.937917,,,20.7165025,14.33069168,8.319268993,,28.92085406,0.030825167,57.17692238,7.182099161,0.7640468020000001,98.22174972,80.32986125,1.4599999999999999e-05,703.697036,0.00047168199999999996,1609.863364,29.14568292,20.7165025,10474.511946237057,18043.292184241553,0.3672972820176693,Post-Processed,K3,0.6917524654559812,0.01102857476279952,1.1441654516981932,0.7373523859254498,1609.863364,29.035771493,97.96336683217139,1.4456038105203308
4/12/2021 9:55,40,LCA-3011,C1-052,,,1313.833644,57.04336541,149886.1651,,3722.063815,,,21.32496332,14.74931322,8.560088962,,28.9109765,0.030811408999999998,57.04336541,7.168772113999999,0.762639209,98.16572881,80.39903731,1.4599999999999999e-05,703.6703312000001,0.000472792,1605.3956970000002,29.99754712,21.32496332,10162.247073087789,17509.884040385048,0.3672376020269742,Post-Processed,K3,0.6916454203776797,0.011026945044157117,1.1437028455327423,0.7373523859254498,1605.3956970000002,29.885052281999997,97.90088804821343,1.4458275447756745
4/12/2021 9:55,40,LCA-3011,C1-052,,,1313.55584,57.33077893,150259.1681,,3753.5542920000003,,,21.28753676,14.72716594,8.532038907999999,,28.88267571,0.031005123,57.33077893,7.198300821,0.758533433,98.17729475,80.26022979,1.4599999999999999e-05,703.5215452000001,0.000470404,1612.295419,29.93298324,21.28753676,10202.856999925947,17611.167708003617,0.3668241869727394,Post-Processed,K3,0.6918210456210624,0.011029251271736967,1.1446983702618971,0.7373523859254498,1612.295419,29.819575668,97.91268848379924,1.445460507929878
4/12/2021 9:55,40,LCA-3012,C1-052,,,1312.843622,60.07389743,157000.6484,,3799.834512,,,21.00757624,14.56025582,8.791809349,,29.80875812,0.034280187000000004,60.07389743,7.627291456,0.7696857,98.28088588,79.09832521,1.4599999999999999e-05,706.6998559,0.000448586,1711.029027,29.92905621,21.00757624,10782.822111157111,17857.603840995213,0.37648958605473476,Post-Processed,K3,0.6930954648769134,0.011035168255280926,1.1541998102141746,0.7373523859254498,1711.029027,29.799385588999996,98.01901516599303,1.4428026883390295
4/12/2021 9:55,40,LCA-3012,C1-052,,,1313.109479,59.88617849,157330.6664,,3816.26304,,,20.07459715,13.91152102,8.484031351,,30.01196502,0.034222957000000005,59.88617849,7.629817452,0.7738433690000001,98.35379041,79.19098313,1.4599999999999999e-05,707.5259505,0.000450027,1713.6771780000001,28.68289867,20.07459715,11309.379195403033,18544.328738419343,0.37882661746650964,Post-Processed,K3,0.6929912922312367,0.011032958818997062,1.153549601250794,0.7373523859254498,1713.6771780000001,28.558628501,98.10241901069737,1.4430195750083408
4/12/2021 9:55,40,LCA-3012,C1-052,,,1311.734218,59.73388451,157655.7694,,3849.4537240000004,,,20.44311888,14.17099757,8.724658771,,30.21605565,0.034460937999999997,59.73388451,7.651211579,0.763779092,98.32300788,79.15884774,1.4599999999999999e-05,708.4512533,0.00045119699999999997,1717.575261,29.29487444,20.44311888,11125.241439160023,18070.13586869826,0.38106174555810696,Post-Processed,K3,0.6931915650044882,0.011044397648449078,1.1530220950179924,0.7373523859254498,1717.575261,29.167777651,98.06774296099807,1.4426026663978886
4/12/2021 9:55,40,LCA-3012,C1-052,,,1312.775276,60.65330911,157419.7449,,3882.6888240000003,,,21.24935848,14.73292057,9.106645019,,30.31435638,0.034649713,60.65330911,7.672917351000001,0.7679779520000001,98.25856877,78.86371592,1.4599999999999999e-05,708.5863778,0.00044415599999999997,1720.5472829999999,30.49316527,21.24935848,10684.897414063775,17286.250267970394,0.38199710414194665,Post-Processed,K3,0.69333484038432,0.011035736395854446,1.15620673965786,0.7373523859254498,1720.5472829999999,30.356003499000003,97.99154506945897,1.4423045572694622
4/12/2021 9:55,40,LCA-3012,C1-052,,,1313.216047,60.77863739,157103.0733,,3915.1253469999997,,,21.61154941,14.98305407,9.272983109,,30.341107,0.034593825,60.77863739,7.661704036000001,0.769013982,98.22522285,78.84402176,1.4599999999999999e-05,708.6387227999999,0.000443213,1717.072089,31.02482466,21.61154941,10485.383858726207,16942.020863547332,0.38229588125088354,Post-Processed,K3,0.6932892124368977,0.011032073421313205,1.156640843808571,0.7373523859254498,1717.072089,30.884532518999997,97.95334396610322,1.4423994807088085
4/12/2021 9:55,40,LCA-3012,C1-052,,,1313.412263,60.74680009,157255.2224,,3946.665327,,,21.37096135,14.81528154,9.181976903999999,,30.36890498,0.034604498,60.74680009,7.6653277289999995,0.772413597,98.24533819,78.86984395,1.4599999999999999e-05,708.7430558,0.000443453,1718.4597370000001,30.69169218,21.37096135,10614.393116689971,17126.510341307217,0.38262607895093764,Post-Processed,K3,0.6932435699716428,0.011030443573836259,1.15653056778725,0.7373523859254498,1718.4597370000001,30.552938254,97.97631084272193,1.442494446852071
4/12/2021 9:55,40,LCA-3012,C1-052,,,1313.730767,60.84029551,157203.9096,,3977.8304369999996,,,21.23486867,14.72044677,9.144189647000001,,30.41786281,0.03456832,60.84029551,7.663786045,0.7808009490000001,98.25503848,78.85455705,1.4599999999999999e-05,708.8974206,0.00044274900000000004,1718.3862629999999,30.51770114,21.23486867,10679.289294424045,17191.672052818263,0.38316903250560846,Post-Processed,K3,0.6932205232235138,0.011027798979066155,1.15685441129563,0.7373523859254498,1718.3862629999999,30.379058317000002,97.98703173008154,1.4425424038947154
4/12/2021 9:55,40,LCA-3012,C1-052,,,1313.594171,60.64801585,157071.7999,,4008.8846020000005,,,21.41108756,14.84146477,9.230867939,,30.44046049,0.034517617,60.64801585,7.652085089,0.7795694120000001,98.23709836,78.92108317,1.4599999999999999e-05,709.0353646000001,0.000444196,1715.258078,30.780950699999998,21.41108756,10583.308476229333,17015.929697832504,0.3834637901772114,Post-Processed,K3,0.6931672540411582,0.011028933004374733,1.1561884051994538,0.7373523859254498,1715.258078,30.641955498999998,97.96735084739865,1.4426532617777457
4/12/2021 9:55,40,LCA-3012,C1-052,,,1314.170167,60.23905954,157022.9692,,4039.605514,,,21.08505459,14.60978998,9.102194384,,30.46351394,0.034349403,60.23905954,7.628803587,0.7796707509999999,98.25834079,79.12257738,1.4599999999999999e-05,709.1750469,0.00044731800000000004,1710.677862,30.32228947,21.08505459,10747.790995966116,17251.111388701804,0.38386472613482026,Post-Processed,K3,0.6928978968320518,0.011024152644309702,1.1547718882598574,0.7373523859254498,1710.677862,30.187248974,97.99303839413636,1.443214078974734
4/12/2021 9:55,40,LCA-3012,C1-052,,,1313.851946,59.82630369,156816.6348,,4070.084796,,,21.81648091,15.11402298,9.411945945,,30.44539201,0.034334228,59.82630369,7.609289976,0.778362047,98.19303102,79.26538905,1.4599999999999999e-05,709.2081089,0.000450486,1704.467643,31.36597494,21.81648091,10375.572076839597,16661.446603750126,0.38375429626375096,Post-Processed,K3,0.6927800612000719,0.011026793141484787,1.153342210714492,0.7373523859254498,1704.467643,31.228426855,97.9205460861789,1.44345955665604
4/12/2021 9:55,40,LCA-3012,C1-052,,,1314.287146,59.8434123,156901.1068,,4100.07149,,,21.58495121,14.95202084,9.285531083,,30.38518859,0.034311657999999995,59.843412300000004,7.609700932999999,0.7810795759999999,98.21410352,79.28821456,1.4599999999999999e-05,708.9388395,0.000450355,1705.167298,31.00626257,21.58495121,10493.63885183028,16897.375647932015,0.3831051548646125,Post-Processed,K3,0.6927057974109732,0.011023182307429675,1.1534014704331597,0.7373523859254498,1705.167298,30.870482293000002,97.94441934171559,1.4436143074557137
4/12/2021 9:55,40,LCA-3012,C1-052,,,1314.034619,59.41718129,157052.4659,,4129.544701,,,21.20722192,14.6879785,9.11364938,,30.35866758,0.034235858,59.41718129,7.600156523,0.779316308,98.24418965,79.44222845,1.4599999999999999e-05,708.9363463,0.00045367599999999997,1703.9073640000001,30.45206227,21.20722192,10692.585497725233,17232.664912987908,0.38290025480391643,Post-Processed,K3,0.6925932380680251,0.011025277224103474,1.1519251184828836,0.7373523859254498,1703.9073640000001,30.3208713,97.9800267678377,1.443848921755979
4/12/2021 9:55,40,LCA-3013,C1-052,,,1329.090647,58.66806741,184832.646,,4173.804429,,,20.94082579,14.43670607,8.80390231,,29.88818091,0.046025567999999996,58.66806741,8.775709924,0.744665657,98.51114065,80.77899353,1.47e-05,706.2651973999999,0.000459586,1976.215234,29.8677542,20.94082579,12802.965240394342,20994.399925366735,0.3788154839172072,Post-Processed,K3,0.6894048121490054,0.01090175115475173,1.1493303853176056,0.7373523859254498,1976.215234,29.744728100000003,98.28795421268899,1.450526573614725
4/12/2021 9:55,40,LCA-3013,C1-052,,,1331.060768,58.95641765,184533.0398,,4192.910139,,,20.96802028,14.44980493,8.772884851,,29.79021743,0.04586806400000001,58.95641765,8.759873477000001,0.7481911170000001,98.50858523,80.79476279,1.47e-05,705.6946307,0.000457284,1972.583705,29.864813,20.96802028,12770.62498033321,21034.476450350936,0.37777212432031326,Post-Processed,K3,0.6891353946172356,0.010885791936292768,1.1503291545981105,0.7373523859254498,1972.583705,29.740905131,98.28443357252783,1.4510936570823312
4/12/2021 9:55,40,LCA-3013,C1-052,,,1321.925163,58.35202246,186557.4323,,4230.81466,,,20.66960517,14.27647175,8.620385792,,29.71697328,0.047002155999999996,58.35202246,8.894423811000001,0.781263838,98.55391222,80.41676703,1.4599999999999999e-05,706.1016481,0.00046211,2004.291745,29.40909937,20.66960517,13067.47462306294,21641.42496651732,0.37648772440443046,Post-Processed,K3,0.6906988127049938,0.010960192797413037,1.1482356888563896,0.7373523859254498,2004.291745,29.289990962,98.33622012097592,1.4478090617872725
4/12/2021 9:55,40,LCA-3013,C1-052,,,1312.659706,58.21117234,187707.5163,,4268.752461,,,21.60666254,14.96165573,8.992284117999999,,29.67186535,0.048131912,58.21117234,9.017680057,0.807613334,98.50945063,79.8367219,1.4599999999999999e-05,706.5413804,0.00046323400000000003,2030.439823,30.72264414,21.60666254,12545.905325412803,20874.286648067853,0.3753989604658207,Post-Processed,K3,0.692455658170334,0.01103669722902069,1.1477478211403391,0.7373523859254498,2030.439823,30.598946657999996,98.2846613884371,1.4441357915137643
4/12/2021 9:55,40,LCA-3013,C1-052,,,1312.580144,58.58402175,187592.6573,,4306.507200999999,,,21.76363736,15.07389645,9.039740507000001,,29.63472812,0.048203893,58.58402175,9.030575661,0.8121626670000001,98.5014625,79.67977466,1.4599999999999999e-05,706.3254063999999,0.000460257,2033.050532,30.92951506,21.76363736,12444.86838039809,20751.995829386473,0.37488084120698495,Post-Processed,K3,0.6926184350831326,0.011037358793846413,1.1490392732888182,0.7373523859254498,2033.050532,30.803377867000002,98.27437011342859,1.443796395456863
4/12/2021 9:55,40,LCA-3013,C1-052,,,1312.463369,58.88010328,187697.2352,,4343.6859,,,21.51407485,14.90425763,8.920136671,,29.60072633,0.04827249,58.88010328,9.048493962,0.812687713,98.52248305,79.55152751,1.4599999999999999e-05,706.1394901000001,0.00045789199999999995,2037.780367,30.56008071,21.51407485,12593.531315655337,21041.96853958719,0.37441189724708296,Post-Processed,K3,0.6927677687242033,0.01103832993158868,1.1500648217214773,0.7373523859254498,2037.780367,30.434211521,98.29727359318545,1.4434851694119568
4/12/2021 9:55,40,LCA-3013,C1-052,,,1313.075714,59.17855304,187742.5657,,4380.443245,,,21.31900084,14.76923726,8.398537902000001,,28.54934616,0.048184124,59.17855304,9.054911386,0.8109010109999999,98.55883498,79.47272287,1.4599999999999999e-05,701.8745147000001,0.000455545,2040.527673,29.83737683,21.31900084,12711.730632730048,22354.19639593358,0.362509470299736,Post-Processed,K3,0.6927734264304293,0.011033239378005237,1.1510985730790697,0.7373523859254498,2040.527673,29.717538742000002,98.33781259793386,1.4434733808318547
4/12/2021 9:55,40,LCA-3013,C1-052,,,1313.602738,59.14124619,187641.1513,,4417.216069,,,21.29609048,14.75082903,8.44781616,,28.69041053,0.04811218,59.14124619,9.044747704,0.809958278,98.55588072,79.52379883,1.4599999999999999e-05,702.4068815,0.00045583699999999995,2038.1278579999998,29.864272999999997,21.29609048,12720.719013038415,22211.793882124442,0.3641512722321178,Post-Processed,K3,0.6926543181178295,0.01102886187395217,1.1509693519772166,0.7373523859254498,2038.1278579999998,29.74390664,98.33464461392329,1.4437215994225376
4/12/2021 9:55,40,LCA-3013,C1-052,,,1313.945289,59.51447937,187477.6601,,4453.756947999999,,,21.63311562,14.98587022,8.567995625,,28.66218884,0.048183317,59.51447937,9.053000659,0.810893456,98.53472792,79.39694571,1.4599999999999999e-05,702.200057,0.000452915,2039.249386,30.324894,21.63311562,12510.295187916021,21881.157309764618,0.363761757045874,Post-Processed,K3,0.6927282451236675,0.011026018479714718,1.1522621334038912,0.7373523859254498,2039.249386,30.201111245,98.30946703293529,1.4435675274385233
4/12/2021 9:55,40,LCA-3013,C1-052,,,1313.592665,58.71975161,187488.9278,,4489.674877,,,20.85922587,14.44493517,8.258354755,,28.64590352,0.04782792599999999,58.71975161,9.01592842,0.807470664,98.58213520000001,79.693774,1.4599999999999999e-05,702.3128647999999,0.000459173,2032.5567260000003,29.23339639,20.85922587,12979.561735201612,22702.939430700204,0.36375145550628823,Post-Processed,K3,0.692496224933011,0.011028945508545239,1.1495094057728945,0.7373523859254498,2032.5567260000003,29.117580625,98.36581120267776,1.4440511933429465
4/12/2021 9:55,40,LCA-3013,C1-052,,,1313.498082,58.61318482,187562.7157,,4525.4595850000005,,,20.98122014,14.52883674,8.341209914,,28.72969749,0.04787872,58.61318482,9.016213201000001,0.8101150220000001,98.57211773,79.73063728,1.4599999999999999e-05,702.6718727000001,0.000460024,2032.281316,29.43893796,20.98122014,12909.685686233406,22486.272091677274,0.36472203315514934,Post-Processed,K3,0.6924686287572596,0.011029730878743456,1.1491402864818059,0.7373523859254498,2032.281316,29.322430054,98.35473572965988,1.4441087414958456
4/12/2021 9:55,40,LCA-3013,C1-052,,,1313.439109,58.55405881,187375.9695,,4561.253589,,,21.25153065,14.71559763,8.472103952000001,,28.78580546,0.047841839000000004,58.55405881,9.006707795,0.80854719,98.55085451,79.75063952,1.4599999999999999e-05,702.9096538,0.00046049599999999996,2029.4205539999998,29.84170612,21.25153065,12733.153909971375,22116.816620948845,0.3653705789700464,Post-Processed,K3,0.6924488345031279,0.011030220617824186,1.1489354895568344,0.7373523859254498,2029.4205539999998,29.723634602,98.33074601566885,1.4441500226042807
4/12/2021 9:55,40,LCA-3083,C1-052,,,1392.520956,61.5031278,122243.0062,,4613.944878,,,68.93538482,46.71836308,89.76960926,,56.93908898,0.036773395,61.503127799999994,6.290827015,0.742128424,88.2116803,83.90505778,1.49e-05,810.6322831,0.00043778599999999996,1197.934796,160.088078,68.93538482,2616.594378331973,1361.7415426856455,0.6577107690953041,Post-Processed,G2,0.6777123708236087,0.010410366557841562,1.1591502877595399,0.7373523859254498,1197.934796,158.70499408,87.26687155752404,1.4755522299006028
4/12/2021 9:55,40,LCA-3083,C1-052,,,1394.552182,61.34908499,122063.3121,,4600.432063,,,66.32570236,44.91955506,92.72068342,,58.66703702,0.036942993,61.34908499,6.285483333999999,0.7356951079999999,88.16928038,84.10840539,1.49e-05,817.5640211,0.000438923,1195.890602,160.4668467,66.32570236,2717.3758051912455,1316.4626014142466,0.6736451814087266,Post-Processed,G2,0.6772571335345601,0.010395361892719899,1.1586167240402565,0.7373523859254498,1195.890602,159.04638577999998,87.20537882897898,1.4765440635243905
4/12/2021 9:55,40,LCA-3083,C1-052,,,1381.991757,61.36381488,125516.6584,,4575.097802,,,60.68114086,41.24617018,87.57429522,,59.43757062,0.037444225,61.36381488,6.460761324,0.770511686,89.32003352,83.25083002,1.49e-05,821.1057922,0.000438815,1251.148234,149.5993751,60.68114086,3043.110617355262,1433.259132542066,0.6798166343218319,Post-Processed,G2,0.6797197546954624,0.010488845195767727,1.158667744499394,0.7373523859254498,1251.148234,148.25543607999998,88.35407095062637,1.4711945520077374
4/12/2021 9:55,40,LCA-3083,C1-052,,,1365.75016,61.60725491,127030.1338,,4554.396114,,,58.62650973,40.04059473,88.80052312,,60.60145004,0.038677789,61.60725491,6.623118438,0.7794655429999999,89.64651495,82.05583125,1.4800000000000002e-05,826.2518057999999,0.000437018,1288.429476,148.80372450000002,58.62650973,3172.5336413353516,1430.511097646786,0.6892250284834051,Post-Processed,G2,0.6829776310137506,0.010612248343053063,1.159510956641715,0.7373523859254498,1288.429476,147.42703285,88.65935894053838,1.4641767967066357
4/12/2021 9:55,40,LCA-3083,C1-052,,,1365.686292,61.70812726,125005.09,,4537.972971,,,61.86994524,42.2584368,97.61990279999999,,61.57353075,0.039666318,61.70812726,6.596752886,0.7687485059999999,88.70157547,82.00984857,1.4800000000000002e-05,830.1074409,0.00043627300000000004,1264.045464,161.00866519999997,61.86994524,2958.109657288601,1280.528728410084,0.6978914896985237,Post-Processed,G2,0.6830204332018575,0.010612739342094788,1.1598603518925472,0.7373523859254498,1264.045464,159.48984804,87.67535074748018,1.464085042539955
4/12/2021 9:55,40,LCA-3083,C1-052,,,1365.850998,61.69985658,123302.4073,,4521.161048,,,65.86282138,44.98251413,106.60863459999999,,62.1759797,0.040849935,61.69985658,6.581920101000001,0.772494798,87.69772034,82.02428359,1.4800000000000002e-05,832.5144259,0.00043633400000000003,1241.295987,174.1296162,65.86282138,2741.11862542086,1156.589311575331,0.7032642439426416,Post-Processed,G2,0.6829727786860259,0.010611473221637526,1.1598317044355073,0.7373523859254498,1241.295987,172.47145597999997,86.64501227814024,1.4641871992671567
4/12/2021 9:55,40,LCA-3083,C1-052,,,1365.90749,61.55676359,123641.6171,,4501.368961,,,65.19800129999999,44.52393855,108.1853753,,62.75625389,0.041218821,61.55676359,6.60305572,0.7701157190000001,87.66937761,82.08724202,1.4800000000000002e-05,834.8837005,0.00043739,1244.640275,175.0575818,65.19800129999999,2776.969448943775,1142.8681257253077,0.708439927942221,Post-Processed,G2,0.6829034274398839,0.010611039028484703,1.159336068008544,0.7373523859254498,1244.640275,173.3833766,86.61032331008374,1.4643358926296064
4/12/2021 9:55,40,LCA-3083,C1-052,,,1366.284586,61.37589403,124263.8007,,4480.428856,,,61.15339642,41.75342082,102.81827,,63.06104342,0.040153703,61.37589403,6.5835385010000005,0.77906195,88.33855846,82.1873208,1.4800000000000002e-05,836.1546797999999,0.000438725,1254.1053689999999,165.5525821,61.15339642,2976.1346078852853,1208.5770427765417,0.7111922771105624,Post-Processed,G2,0.6827653616037701,0.010608141607696839,1.1587095834933707,0.7373523859254498,1254.1053689999999,163.97166642,87.29117192794516,1.4646320042526277
4/12/2021 9:55,40,LCA-3083,C1-052,,,1366.108642,61.23372767,123452.3149,,4462.025234000001,,,60.81933479,41.52370521,105.42798259999999,,63.76787015,0.040217134,61.23372767,6.559396197000001,0.773270345,88.11992775,82.23472203,1.4800000000000002e-05,839.0388972999999,0.00043978699999999997,1245.096041,167.8602253,60.81933479,2973.056336751698,1170.9634563376346,0.7174329480060974,Post-Processed,G2,0.6827385625537521,0.010609493278202388,1.1582171566686552,0.7373523859254498,1245.096041,166.24731738999998,87.06051700078528,1.4646894944084397
4/12/2021 9:55,40,LCA-3083,C1-052,,,1366.538663,61.3137374,123629.4177,,4445.763859000001,,,53.82587349,36.7475652,104.23139429999999,,66.28641459,0.039537556,61.313737399999994,6.550980722,0.7702077340000001,88.71187072,82.23010266,1.4800000000000002e-05,849.0768122999999,0.000439185,1254.7173619999999,159.6563309,53.82587349,3364.28868217914,1186.10538149541,0.7393400736512034,Post-Processed,G2,0.6827119156148412,0.01060619029665577,1.1584942892989782,0.7373523859254498,1254.7173619999999,158.05726779,87.6338094205086,1.4647466627258343
4/12/2021 9:55,40,LCA-3083,C1-052,,,1367.231664,61.24026026,123813.1979,,4432.696558,,,53.0703426,36.22313269,107.44100490000001,,67.2718952,0.040118142,61.24026026,6.5748584139999995,0.776434706,88.56801722,82.30733071,1.4800000000000002e-05,853.0285182,0.000439738,1256.279851,162.1552575,53.0703426,3418.069854962619,1152.3830963349449,0.7478623872481217,Post-Processed,G2,0.682549441276831,0.010600871697257168,1.1582397838397447,0.7373523859254498,1256.279851,160.5113475,87.47424642860663,1.4650953315987203
4/12/2021 9:55,40,LCA-3083,C1-052,,,1367.074624,61.13601566,123734.9482,,4422.911395,,,52.32144864,35.71135403,106.27398429999998,,67.34307894,0.03979577,61.13601566,6.559900881,0.769842864,88.68505929,82.34042832,1.4800000000000002e-05,853.3563939999999,0.000440523,1255.748597,160.2154978,52.32144864,3464.862970361026,1164.3013952569013,0.7484856221774091,Post-Processed,G2,0.6825375626679132,0.010602076470248151,1.1578787080031558,0.7373523859254498,1255.748597,158.59543293999997,87.59620707112667,1.4651208295279528
4/12/2021 9:55,40,LCA-3084,C1-052,,,1369.896801,67.65915268,228226.4145,,4409.459172,,,44.54307613,30.51046683,168.10323300000002,,79.36152148,0.13031654,67.65915268,12.17865666,0.823838553,91.89335814,79.90995547,1.49e-05,898.5375742000001,0.00039533699999999995,2446.5025,215.825387,44.54307613,7480.266223773149,1357.656306943246,0.8463828685729388,Post-Processed,G2,0.6849654195627283,0.01058046708328725,1.1804731364596763,0.7373523859254498,2446.5025,212.64630913000002,90.81241964792474,1.4599277152390921
4/12/2021 9:55,40,LCA-3084,C1-052,,,1369.679467,67.74475338,228452.8107,,4421.307379,,,44.54888719,30.51781769,167.2437605,,79.27610362,0.130290239,67.74475338,12.18999356,0.8229203279999999,91.93501218,79.86325307,1.49e-05,898.1626663999999,0.000394796,2450.4320829999997,214.96385800000002,44.54888719,7485.8829363430805,1365.9870479891536,0.8456837876734583,Post-Processed,G2,0.6850410776781515,0.01058212807686306,1.1807696347374297,0.7373523859254498,2450.4320829999997,211.79264769000002,90.85755913501367,1.4597664761788542
4/12/2021 9:55,40,LCA-3084,C1-052,,,1369.493418,67.75526862,227445.2825,,4444.833479,,,44.13722172,30.237636900000002,172.37677069999998,,79.91787618,0.131207663,67.75526862,12.17996678,0.8214311959999999,91.73790363,79.84727546,1.49e-05,900.7108536000001,0.000394729,2440.360051,219.783635,44.13722172,7521.926506763496,1319.4659673480007,0.8507626517868613,Post-Processed,G2,0.6850824705692419,0.010583550386527219,1.180806056759097,0.7373523859254498,2440.360051,216.51399241999997,90.63671685298488,1.4596782766446936
4/12/2021 9:55,40,LCA-3084,C1-052,,,1368.974022,67.63802933,227434.3176,,4467.978940999999,,,43.34424306,29.69691976,175.91131380000002,,80.52647567,0.13236192900000002,67.63802933,12.20178611,0.823839042,91.64280586,79.85868069,1.49e-05,903.1913066999999,0.00039547,2440.758171,222.58037290000001,43.34424306,7658.515409612974,1292.8919276822546,0.8555655128891814,Post-Processed,G2,0.6851410398121739,0.010587523095751252,1.180399970739123,0.7373523859254498,2440.758171,219.25555686,90.52923989065349,1.4595534961299972
4/12/2021 9:55,40,LCA-3084,C1-052,,,1369.18612,67.76562646,226685.695,,4491.030059000001,,,43.98899337,30.13880067,178.71420569999998,,80.54395392,0.132860402,67.76562646,12.19176016,0.8242844359999999,91.49715343,79.8235672,1.49e-05,903.1983722000001,0.00039466400000000003,2432.947166,226.0942084,43.98899337,7521.390697727456,1268.4257197803724,0.8556937187841737,Post-Processed,G2,0.6851441317717063,0.0105859004594953,1.1808419335886235,0.7373523859254498,2432.947166,222.70319906999998,90.36788226163245,1.4595469093694367
4/12/2021 9:55,40,LCA-3084,C1-052,,,1368.740108,68.05350228,227722.9974,,4513.855454,,,42.97052411,29.45017866,175.46269850000002,,80.62576018,0.132708159,68.05350228,12.23655677,0.8277560559999999,91.69798463,79.684957,1.49e-05,903.3968932,0.000392845,2449.752654,221.7920523,42.97052411,7732.482713570064,1297.8427856562344,0.8562795122094512,Post-Processed,G2,0.6853576787802415,0.010589313210232829,1.1818390596032098,0.7373523859254498,2449.752654,218.43322261000003,90.58408596570916,1.4590921367945278
4/12/2021 9:55,40,LCA-3084,C1-052,,,1369.545916,68.05618535,228120.4494,,4536.369593,,,41.37778343,28.35323188,170.2810329,,80.74722288,0.13078563699999998,68.05618535,12.20900561,0.824722066,91.94819845,79.73562397,1.49e-05,903.8655837000001,0.000392828,2454.2793920000004,214.91851890000004,41.37778343,8045.659498905774,1339.6703409355464,0.8572591092911236,Post-Processed,G2,0.6852283889968631,0.010583149010456695,1.1818483530509747,0.7373523859254498,2454.2793920000004,211.65881633,90.8591026367245,1.4593674401960275
4/12/2021 9:55,40,LCA-3084,C1-052,,,1369.429836,67.80664519,227605.5188,,4559.79219,,,42.44848152,29.08293145,173.0636648,,80.59941514,0.131369326,67.80664519,12.19333513,0.8235134159999999,91.78529102,79.82355265,1.49e-05,903.3959244999999,0.000394405,2444.715035,218.80000950000002,42.44848152,7826.085867282818,1315.1548539263338,0.8561295021063211,Post-Processed,G2,0.6851347894811574,0.010584036546638614,1.1809840116650951,0.7373523859254498,2444.715035,215.51214632,90.68361651632516,1.459566811309181
4/12/2021 9:55,40,LCA-3084,C1-052,,,1369.584763,67.57582928,227960.783,,4583.231737,,,43.4583516,29.76903291,171.10452019999997,,80.04580281,0.130979606,67.57582928,12.18400566,0.823889665,91.81919633,79.92194952,1.49e-05,901.30011,0.00039587,2444.4238179999998,217.7905289,43.4583516,7657.6482578116775,1332.289659756166,0.8518021290055131,Post-Processed,G2,0.6850014281259578,0.010582852023383939,1.1801845261492871,0.7373523859254498,2444.4238179999998,214.56287179999998,90.72732942242658,1.4598509710203413
4/12/2021 9:55,40,LCA-3084,C1-052,,,1370.008873,66.99064051,228316.762,,4605.325553,,,44.16817432,30.24094449,167.5054044,,79.43529609,0.129666655,66.99064051,12.14072316,0.818130845,91.90880846,80.17530333,1.49e-05,899.132548,0.00039964,2439.673119,214.7766119,44.16817432,7549.921665822944,1363.0411676436631,0.8470720462868213,Post-Processed,G2,0.6846772581294233,0.010579610767248901,1.1781575863875153,0.7373523859254498,2439.673119,211.67357872,90.83688907102953,1.4605421578220026
4/12/2021 9:55,40,LCA-3084,C1-052,,,1370.108315,66.86781526,228713.7135,,4627.057382999999,,,44.96067215,30.78012444,165.871912,,78.97988538,0.129475945,66.86781526,12.1416365,0.820432882,91.94479767,80.2291796,1.49e-05,897.3749803999999,0.000400431,2441.4533109999998,213.8935632,44.96067215,7430.56493958736,1378.857401125273,0.8434792489454273,Post-Processed,G2,0.6846010739632593,0.010578851070148122,1.1777321520734314,0.7373523859254498,2441.4533109999998,210.83258415,90.88078468069992,1.4607046907052725
4/12/2021 9:55,40,LCA-3084,C1-052,,,1370.513054,67.51297925,228426.1105,,4647.731315,,,45.47097351,31.13767686,164.5786793,,78.66694892,0.12918705800000002,67.51297925,12.15088555,0.820825502,91.98035266,80.00597269,1.49e-05,895.8326127,0.000396275,2444.674702,213.14800840000004,45.47097351,7336.003630811654,1387.9447293632525,0.8409040640704314,Post-Processed,G2,0.6847813991304186,0.010575760151491639,1.1799668301999346,0.7373523859254498,2444.674702,210.04965281,90.91442272116295,1.4603200397526381
4/12/2021 9:55,40,LCA-3085,C1-052,,,1357.952851,63.29249494,126570.3814,,4677.129988000001,,,55.91329935,38.31166324,88.66716608,,61.71343671,0.038756774,63.29249494,6.687677835,0.78202307,89.94541749,80.84544374,1.4800000000000002e-05,830.3644048,0.000424732,1306.422752,146.0389613,55.91329935,3303.703642598629,1427.477464271293,0.6982830646244927,Post-Processed,G2,0.685197684368093,0.010672529550310077,1.1653481842169071,0.7373523859254498,1306.422752,144.58046543,88.92365044921976,1.45943283641162
4/12/2021 9:55,40,LCA-3085,C1-052,,,1357.71298,63.1412792,126957.2292,,4671.037797999999,,,57.35787692,39.30035312,90.62155385,,61.62389815,0.039388976,63.1412792,6.718156345,0.77993597,89.74687674,80.89012626,1.4800000000000002e-05,830.0688972999999,0.000425806,1308.263952,149.46248880000002,57.35787692,3230.434821090483,1400.9606302949087,0.6975078796443869,Post-Processed,G2,0.6851779603839632,0.010674394859376253,1.1648244127234593,0.7373523859254498,1308.263952,147.97943077,88.72051771701364,1.459474848606653
4/12/2021 9:55,40,LCA-3085,C1-052,,,1357.574899,62.777164,126220.1717,,4658.116857999999,,,58.11553978,39.81210612,91.64222854,,61.5737006,0.039245222,62.777164,6.6808142010000005,0.7858662479999999,89.55825959,81.02807368,1.4800000000000002e-05,830.0019222,0.000428416,1297.168718,151.2389709,58.11553978,3170.396746144311,1377.314516581266,0.6971411690381151,Post-Processed,G2,0.685050956606636,0.010675468914505177,1.1635632135778475,0.7373523859254498,1297.168718,149.75776832,88.53150551565349,1.4597454252942696
4/12/2021 9:55,40,LCA-3085,C1-052,,,1357.354691,62.46001504,125485.9966,,4645.004809,,,58.64550472,40.16972297,93.0567967,,61.71712339,0.039167445,62.46001504,6.647842515,0.785459534,89.36148639,81.14355101,1.4800000000000002e-05,830.6935297,0.000430741,1286.766054,153.1899113,58.64550472,3123.8949965803063,1348.4882464259592,0.6984855337398307,Post-Processed,G2,0.6849582617080084,0.01067718223706608,1.162464693116786,0.7373523859254498,1286.766054,151.70230142,88.33183311253701,1.4599429715708592
4/12/2021 9:55,40,LCA-3085,C1-052,,,1357.717245,62.27590919,125304.8821,,4631.061344,,,60.37552276,41.34548638,96.30561981,,61.83854164,0.039778377000000004,62.27590919,6.656406254,0.7810371070000001,89.00914816,81.24349763,1.4800000000000002e-05,831.2311519,0.000432091,1281.265795,158.2107324,60.37552276,3030.678631963405,1301.1170308359185,0.6996356402473746,Post-Processed,G2,0.6848054391902046,0.010674361687759494,1.1618269989454848,0.7373523859254498,1281.265795,156.68114257,87.97099334993234,1.460268775292613
4/12/2021 9:55,40,LCA-3085,C1-052,,,1357.6699,62.67641502,125804.5233,,4616.920236,,,58.555443000000004,40.10979772,93.82645938,,61.95057649,0.039476008,62.67641502,6.673214603,0.791670304,89.35220874,81.07581488,1.4800000000000002e-05,831.5372276,0.000429155,1291.412405,153.8931148,58.555443000000004,3136.503559011217,1340.8213859001955,0.7005306958066397,Post-Processed,G2,0.6849883745222455,0.010674729931486153,1.1632142456482,0.7373523859254498,1291.412405,152.38190238,88.31615969539745,1.4598787909319828
4/12/2021 9:55,40,LCA-3085,C1-052,,,1357.932098,61.97839862,124616.1178,,4603.099831,,,58.99043929,40.38734351,95.09561557,,62.08371224,0.039074976000000004,61.97839862,6.603523247999999,0.78215904,89.11058962,81.3800476,1.4800000000000002e-05,832.3072076000001,0.000434278,1273.153511,155.58073530000001,58.99043929,3085.524002566417,1310.429687562934,0.7019009343739527,Post-Processed,G2,0.6846421894140128,0.010672690906120715,1.1607965006946719,0.7373523859254498,1273.153511,154.08605486,88.07794358152228,1.4606169696552047
4/12/2021 9:55,40,LCA-3085,C1-052,,,1358.398533,62.37932989,124928.0928,,4589.932752000001,,,59.17815749,40.52041978,96.17127318,,62.27863819,0.039486334,62.37932989,6.635862357000001,0.780798471,89.07013656,81.24674913,1.4800000000000002e-05,832.9276691,0.00043133300000000005,1278.472699,156.88234640000002,59.17815749,3083.089797151159,1299.0167299353207,0.7035634067985574,Post-Processed,G2,0.6847191852305843,0.010669065523311623,1.162185221009487,0.7373523859254498,1278.472699,155.34943067,88.02734814250385,1.4604527251025434
4/12/2021 9:55,40,LCA-3085,C1-052,,,1358.442235,62.65218239,126031.5944,,4576.609114,,,59.03939948,40.43178051,93.58084382,,61.69410028,0.039543815,62.65218239,6.678232479,0.783319122,89.34433866,81.13751647,1.4800000000000002e-05,830.4974151,0.000429332,1292.298658,154.1261266,59.03939948,3117.1418327428983,1346.7670225587842,0.6982987184070168,Post-Processed,G2,0.6848270962460677,0.0106687259741355,1.1631303102007045,0.7373523859254498,1292.298658,152.6202433,88.31209019664826,1.4602225955742356
4/12/2021 9:55,40,LCA-3085,C1-052,,,1358.932241,62.88595106,125224.5302,,4563.820836999999,,,53.69984549,36.77615435,93.1103672,,63.79475322,0.038699723,62.88595106,6.634388685,0.7883706090000001,89.69167934,81.07407703,1.4800000000000002e-05,838.7751572000001,0.000427619,1290.523033,148.3206172,53.69984549,3405.0468955572023,1344.9042675454082,0.7168593483670823,Post-Processed,G2,0.6848465580193981,0.010664920278980727,1.1639400232994017,0.7373523859254498,1290.523033,146.81021269000001,88.64568006027314,1.4601810993867552
4/12/2021 9:55,40,LCA-3085,C1-052,,,1358.930186,63.05974736,125523.4764,,4553.020527000001,,,52.86238328,36.20660868,93.23984483,,64.19113731,0.038822036000000004,63.05974736,6.653587869,0.788903771,89.7728691,81.00406109,1.4800000000000002e-05,840.2924683,0.00042638400000000003,1295.828424,147.62374259999999,52.86238328,3466.8664361635538,1346.2428710479012,0.7202966346451278,Post-Processed,G2,0.68492198863267,0.010664936233735314,1.1645420079050168,0.7373523859254498,1295.828424,146.10222811,88.72332238854725,1.4600202893125531
4/12/2021 9:55,40,LCA-3085,C1-052,,,1359.224311,63.09313851,125839.0757,,4544.377334000001,,,52.67529729,36.07626978,93.81486447,,64.41405563,0.039052783,63.09313851,6.671814085,0.7890496359999999,89.77295495,81.01012887,1.4800000000000002e-05,841.1600631000001,0.000426147,1299.343121,148.0227607,52.67529729,3488.139889944021,1341.3554068528304,0.722257642999988,Post-Processed,G2,0.6848802310765277,0.010662653170651086,1.164657666053457,0.7373523859254498,1299.343121,146.49016176,88.7207670938157,1.4601093076203293
4/12/2021 9:55,40,LCA-3085,C1-052,,,1308.774827,55.36525299,109807.2548,,4532.303019,,,48.09492405,33.26708989,19.68460514,,29.29430764,0.020413266,55.36525299,5.393279074,0.601289938,94.34619844,80.75245945,1.4499999999999998e-05,705.837288,0.000487011,1135.0858449999998,68.02129000000001,48.09492405,3300.777289600187,5578.331595631895,0.37174645927477123,Post-Processed,G2,0.6916964845482483,0.011069093207016927,1.1378903061211925,0.7373523859254498,1135.0858449999998,67.77952919,93.76790325567384,1.445720807231089
